period,stateid,stateDescription,sectorid,sectorName,sales,price,sales-units,price-units,Date,地區,sales_yoy,price_yoy,sales_3m_ma,us_sales_growth,ai_power_proxy
2018-01,AZ,Arizona,COM,commercial,2133.48088,9.88,million kilowatt hours,cents per kilowatt-hour,2018-01-01,亞利桑那,,,,,
2018-02,AZ,Arizona,COM,commercial,1972.38135,10.19,million kilowatt hours,cents per kilowatt-hour,2018-02-01,亞利桑那,,,,,
2018-03,AZ,Arizona,COM,commercial,2160.93607,10.03,million kilowatt hours,cents per kilowatt-hour,2018-03-01,亞利桑那,,,,,
2018-04,AZ,Arizona,COM,commercial,2335.25157,10.39,million kilowatt hours,cents per kilowatt-hour,2018-04-01,亞利桑那,,,,,
2018-05,AZ,Arizona,COM,commercial,2537.02771,11.27,million kilowatt hours,cents per kilowatt-hour,2018-05-01,亞利桑那,,,,,
2018-06,AZ,Arizona,COM,commercial,2805.46029,11.19,million kilowatt hours,cents per kilowatt-hour,2018-06-01,亞利桑那,,,,,
2018-07,AZ,Arizona,COM,commercial,3108.15901,11.4,million kilowatt hours,cents per kilowatt-hour,2018-07-01,亞利桑那,,,,,
2018-08,AZ,Arizona,COM,commercial,3197.71974,11.18,million kilowatt hours,cents per kilowatt-hour,2018-08-01,亞利桑那,,,,,
2018-09,AZ,Arizona,COM,commercial,2829.70994,10.96,million kilowatt hours,cents per kilowatt-hour,2018-09-01,亞利桑那,,,,,
2018-10,AZ,Arizona,COM,commercial,2379.60853,10.78,million kilowatt hours,cents per kilowatt-hour,2018-10-01,亞利桑那,,,,,
2018-11,AZ,Arizona,COM,commercial,2094.27457,9.82,million kilowatt hours,cents per kilowatt-hour,2018-11-01,亞利桑那,,,,,
2018-12,AZ,Arizona,COM,commercial,2129.54032,9.57,million kilowatt hours,cents per kilowatt-hour,2018-12-01,亞利桑那,,,,,
2019-01,AZ,Arizona,COM,commercial,2164.42112,9.74,million kilowatt hours,cents per kilowatt-hour,2019-01-01,亞利桑那,1.4502234489207178,-1.4170040485830038,,,
2019-02,AZ,Arizona,COM,commercial,2035.3706,9.84,million kilowatt hours,cents per kilowatt-hour,2019-02-01,亞利桑那,3.1935634556674364,-3.4347399411187363,,,
2019-03,AZ,Arizona,COM,commercial,2122.16145,9.73,million kilowatt hours,cents per kilowatt-hour,2019-03-01,亞利桑那,-1.7943436892142839,-2.991026919242268,0.9498144051246235,-1.2417357311268769,2.1915501362515
2019-04,AZ,Arizona,COM,commercial,2272.61101,10.01,million kilowatt hours,cents per kilowatt-hour,2019-04-01,亞利桑那,-2.6823902317299253,-3.6573628488931753,-0.42772348842559094,-0.6825394209231117,0.25481593249752077
2019-05,AZ,Arizona,COM,commercial,2313.74195,10.73,million kilowatt hours,cents per kilowatt-hour,2019-05-01,亞利桑那,-8.801076910586826,-4.791481810115339,-4.425936943843678,-1.0645942326246087,-3.361342711219069
2019-06,AZ,Arizona,COM,commercial,2715.31244,10.8,million kilowatt hours,cents per kilowatt-hour,2019-06-01,亞利桑那,-3.21329980400471,-3.4852546916889993,-4.898922315440487,-2.57912285238312,-2.319799463057367
2019-07,AZ,Arizona,COM,commercial,3102.607,11.11,million kilowatt hours,cents per kilowatt-hour,2019-07-01,亞利桑那,-0.17862696155946933,-2.543859649122815,-4.064334558717001,-2.4379529216613096,-1.6263816370556916
2019-08,AZ,Arizona,COM,commercial,3226.3358,10.76,million kilowatt hours,cents per kilowatt-hour,2019-08-01,亞利桑那,0.8948895565187964,-3.756708407871201,-0.832345736348461,-2.862938114968102,2.030592378619641
2019-09,AZ,Arizona,COM,commercial,2771.51692,10.35,million kilowatt hours,cents per kilowatt-hour,2019-09-01,亞利桑那,-2.056501239840869,-5.565693430656948,-0.4467462149605139,-1.1440201695506935,0.6972739545901796
2019-10,AZ,Arizona,COM,commercial,2416.82436,10.19,million kilowatt hours,cents per kilowatt-hour,2019-10-01,亞利桑那,1.563947579226399,-5.473098330241188,0.1341119653014422,-1.2373106513100642,1.3714226166115064
2019-11,AZ,Arizona,COM,commercial,2147.30789,9.26,million kilowatt hours,cents per kilowatt-hour,2019-11-01,亞利桑那,2.5323002417968477,-5.702647657841142,0.6799155270607926,-0.9112295756777895,1.5911451027385821
2019-12,AZ,Arizona,COM,commercial,2127.06147,9.56,million kilowatt hours,cents per kilowatt-hour,2019-12-01,亞利桑那,-0.11640305547254703,-0.10449320794148065,1.3266149218502332,-0.9171947009055218,2.243809622755755
2020-01,AZ,Arizona,COM,commercial,2172.47993,9.15,million kilowatt hours,cents per kilowatt-hour,2020-01-01,亞利桑那,0.37233096302442537,-6.057494866529778,0.929409383116242,-1.3341577802286995,2.2635671633449412
2020-02,AZ,Arizona,COM,commercial,2023.668,9.29,million kilowatt hours,cents per kilowatt-hour,2020-02-01,亞利桑那,-0.5749616310661065,-5.589430894308956,-0.10634457450474273,-0.34545296149585897,0.23910838699111625
2020-03,AZ,Arizona,COM,commercial,2055.43148,9.42,million kilowatt hours,cents per kilowatt-hour,2020-03-01,亞利桑那,-3.1444341805379583,-3.1860226104830525,-1.1156882828598798,-1.3881592124780393,0.27247092961815955
2020-04,AZ,Arizona,COM,commercial,1974.07672,9.95,million kilowatt hours,cents per kilowatt-hour,2020-04-01,亞利桑那,-13.136180749207938,-0.5994005994006013,-5.618525520270668,-4.325605258625953,-1.2929202616447153
2020-05,AZ,Arizona,COM,commercial,2424.69338,10.79,million kilowatt hours,cents per kilowatt-hour,2020-05-01,亞利桑那,4.79532430139844,0.5591798695246952,-3.8284302094491522,-9.700292234919402,5.87186202547025
2020-06,AZ,Arizona,COM,commercial,2660.37348,10.86,million kilowatt hours,cents per kilowatt-hour,2020-06-01,亞利桑那,-2.0233015983972757,0.5555555555555536,-3.454719348735591,-10.430432061948995,6.9757127132134045
2020-07,AZ,Arizona,COM,commercial,3068.27064,11.05,million kilowatt hours,cents per kilowatt-hour,2020-07-01,亞利桑那,-1.1066938223242562,-0.5400540054005254,0.5551096268923028,-7.816711573958635,8.371821200850938
2020-08,AZ,Arizona,COM,commercial,3160.66205,10.62,million kilowatt hours,cents per kilowatt-hour,2020-08-01,亞利桑那,-2.0355522199518084,-1.3011152416356975,-1.72184921355778,-4.717828814728686,2.995979601170906
2020-09,AZ,Arizona,COM,commercial,2811.92845,10.47,million kilowatt hours,cents per kilowatt-hour,2020-09-01,亞利桑那,1.4581015078197535,1.1594202898550732,-0.561381511485437,-5.359998420071847,4.79861690858641
2020-10,AZ,Arizona,COM,commercial,2494.90582,9.85,million kilowatt hours,cents per kilowatt-hour,2020-10-01,亞利桑那,3.230746151532493,-3.336604514229635,0.8844318131334794,-6.357942184431664,7.242373997565144
2020-11,AZ,Arizona,COM,commercial,2147.34659,9.24,million kilowatt hours,cents per kilowatt-hour,2020-11-01,亞利桑那,0.0018022566852238242,-0.21598272138227959,1.5635499720124901,-5.992677109327601,7.556227081340091
2020-12,AZ,Arizona,COM,commercial,2134.34149,9.56,million kilowatt hours,cents per kilowatt-hour,2020-12-01,亞利桑那,0.34225715159983405,0.0,1.191601853272517,-4.364275649008198,5.555877502280715
2021-01,AZ,Arizona,COM,commercial,2122.61829,9.41,million kilowatt hours,cents per kilowatt-hour,2021-01-01,亞利桑那,-2.2951484757790186,2.841530054644803,-0.6503630224979869,-4.0010829930496286,3.3507199705516415
2021-02,AZ,Arizona,COM,commercial,1931.32048,9.55,million kilowatt hours,cents per kilowatt-hour,2021-02-01,亞利桑那,-4.56337304340434,2.7987082884822545,-2.1720881225278412,-3.9063708941739423,1.7342827716461011
2021-03,AZ,Arizona,COM,commercial,2112.29948,9.57,million kilowatt hours,cents per kilowatt-hour,2021-03-01,亞利桑那,2.7667183534622053,1.5923566878981,-1.3639343885737176,-3.5154540180717135,2.151519629497996
2021-04,AZ,Arizona,COM,commercial,2282.12235,9.88,million kilowatt hours,cents per kilowatt-hour,2021-04-01,亞利桑那,15.604541955188056,-0.7035175879396838,4.602629088415307,0.7655830195937744,3.837046068821533
2021-05,AZ,Arizona,COM,commercial,2548.11444,10.8,million kilowatt hours,cents per kilowatt-hour,2021-05-01,亞利桑那,5.0901718550491415,0.0926784059314345,7.820477387899802,5.953664821556359,1.8668125663434436
2021-06,AZ,Arizona,COM,commercial,2975.06279,10.85,million kilowatt hours,cents per kilowatt-hour,2021-06-01,亞利桑那,11.828764358303555,-0.09208103130754486,10.841159389513585,9.225626273878907,1.615533115634678
2021-07,AZ,Arizona,COM,commercial,3134.21822,11.25,million kilowatt hours,cents per kilowatt-hour,2021-07-01,亞利桑那,2.1493403854361492,1.8099547511312153,6.356092199596283,6.7540384826568465,-0.39794628306056357
2021-08,AZ,Arizona,COM,commercial,3154.69384,10.72,million kilowatt hours,cents per kilowatt-hour,2021-08-01,亞利桑那,-0.18882784383733586,0.9416195856873921,4.59642563330079,5.25524819230206,-0.6588225590012708
2021-09,AZ,Arizona,COM,commercial,2886.30956,10.74,million kilowatt hours,cents per kilowatt-hour,2021-09-01,亞利桑那,2.64519924040032,2.5787965616045794,1.5352372606663778,4.076386522084825,-2.5411492614184477
2021-10,AZ,Arizona,COM,commercial,2398.51277,10.38,million kilowatt hours,cents per kilowatt-hour,2021-10-01,亞利桑那,-3.863594738818643,5.380710659898491,-0.46907444741855303,5.041265214424606,-5.510339661843159
2021-11,AZ,Arizona,COM,commercial,2217.0745,9.7,million kilowatt hours,cents per kilowatt-hour,2021-11-01,亞利桑那,3.2471660757847243,4.978354978354971,0.6762568591221337,4.769547974197819,-4.093291115075685
2021-12,AZ,Arizona,COM,commercial,2227.7173,10.06,million kilowatt hours,cents per kilowatt-hour,2021-12-01,亞利桑那,4.374923621055604,5.230125523012541,1.2528316526738952,3.4059493392615416,-2.1531176865876462
2022-01,AZ,Arizona,COM,commercial,2230.67544,10.0,million kilowatt hours,cents per kilowatt-hour,2022-01-01,亞利桑那,5.090748087353947,6.269925611052063,4.2376125947314245,5.149995910401921,-0.9123833156704961
2022-02,AZ,Arizona,COM,commercial,2029.46433,10.51,million kilowatt hours,cents per kilowatt-hour,2022-02-01,亞利桑那,5.081696746673536,10.052356020942387,4.849122818361029,4.835213760099456,0.013909058261573293
2022-03,AZ,Arizona,COM,commercial,2310.09537,9.87,million kilowatt hours,cents per kilowatt-hour,2022-03-01,亞利桑那,9.364007891532488,3.1347962382445083,6.512150908519991,6.35561710755607,0.15653380096392056
2022-04,AZ,Arizona,COM,commercial,2364.6455,10.45,million kilowatt hours,cents per kilowatt-hour,2022-04-01,亞利桑那,3.616070365377211,5.769230769230749,6.020591667861079,5.423862448154774,0.5967292197063045
2022-05,AZ,Arizona,COM,commercial,2702.91848,11.0,million kilowatt hours,cents per kilowatt-hour,2022-05-01,亞利桑那,6.075238912738934,1.8518518518518379,6.3517723898828775,6.469565002645993,-0.11779261276311548
2022-06,AZ,Arizona,COM,commercial,3060.78326,11.39,million kilowatt hours,cents per kilowatt-hour,2022-06-01,亞利桑那,2.881299523765679,4.976958525345632,4.190869600627274,5.318335181741081,-1.1274655811138068
2022-07,AZ,Arizona,COM,commercial,3327.0689,11.55,million kilowatt hours,cents per kilowatt-hour,2022-07-01,亞利桑那,6.1530712433928825,2.666666666666684,5.036536559965832,4.934224171123717,0.10231238884211447
2022-08,AZ,Arizona,COM,commercial,3317.0451,11.46,million kilowatt hours,cents per kilowatt-hour,2022-08-01,亞利桑那,5.146339652408227,6.902985074626877,4.72690347318893,3.453860149119,1.27304332406993
2022-09,AZ,Arizona,COM,commercial,3037.19836,11.02,million kilowatt hours,cents per kilowatt-hour,2022-09-01,亞利桑那,5.227741406919617,2.607076350093096,5.509050767573576,4.20840331693136,1.3006474506422157
2022-10,AZ,Arizona,COM,commercial,2576.20498,10.77,million kilowatt hours,cents per kilowatt-hour,2022-10-01,亞利桑那,7.408432934880738,3.7572254335259903,5.927504664736194,2.501781581396245,3.425723083339949
2022-11,AZ,Arizona,COM,commercial,2245.31415,10.42,million kilowatt hours,cents per kilowatt-hour,2022-11-01,亞利桑那,1.2737348248784697,7.422680412371152,4.636636388892941,2.420679928172239,2.2159564607207023
2022-12,AZ,Arizona,COM,commercial,2305.65614,10.22,million kilowatt hours,cents per kilowatt-hour,2022-12-01,亞利桑那,3.4985965229968885,1.5904572564612307,4.060254760918698,3.2822377255522284,0.7780170353664699
2023-01,AZ,Arizona,COM,commercial,2337.83154,10.54,million kilowatt hours,cents per kilowatt-hour,2023-01-01,亞利桑那,4.803751279926227,5.399999999999983,3.192027542600529,3.160331967566569,0.03169557503396003
2023-02,AZ,Arizona,COM,commercial,2165.44751,10.7,million kilowatt hours,cents per kilowatt-hour,2023-02-01,亞利桑那,6.70044691054017,1.807802093244515,5.000931571154428,2.329167081376249,2.6717644897781794
2023-03,AZ,Arizona,COM,commercial,2244.05147,11.01,million kilowatt hours,cents per kilowatt-hour,2023-03-01,亞利桑那,-2.8589252572719603,11.550151975683898,2.881757644398146,1.2489768974882336,1.6327807469099123
2023-04,AZ,Arizona,COM,commercial,2417.38671,11.49,million kilowatt hours,cents per kilowatt-hour,2023-04-01,亞利桑那,2.2304066296618297,9.952153110047846,2.023976094310013,1.3367652394884761,0.6872108548215368
2023-05,AZ,Arizona,COM,commercial,2752.38045,12.12,million kilowatt hours,cents per kilowatt-hour,2023-05-01,亞利桑那,1.8299467914400624,10.18181818181818,0.40047605460997726,1.1579487088968794,-0.7574726542869021
2023-06,AZ,Arizona,COM,commercial,2882.50385,12.27,million kilowatt hours,cents per kilowatt-hour,2023-06-01,亞利桑那,-5.824633593951378,7.726075504828778,-0.5880933909498287,-0.31795700806442156,-0.27013638288540714
2023-07,AZ,Arizona,COM,commercial,3621.21755,12.76,million kilowatt hours,cents per kilowatt-hour,2023-07-01,亞利桑那,8.841074797098415,10.47619047619046,1.6154626648623662,0.44130071906749446,1.1741619457948718
2023-08,AZ,Arizona,COM,commercial,3554.8682,12.29,million kilowatt hours,cents per kilowatt-hour,2023-08-01,亞利桑那,7.169727659114433,7.242582897033145,3.3953896207538232,1.0385248373614357,2.3568647833923873
2023-09,AZ,Arizona,COM,commercial,3021.13313,12.13,million kilowatt hours,cents per kilowatt-hour,2023-09-01,亞利桑那,-0.5289489883696485,10.072595281306729,5.160617822614399,1.9053598711366693,3.25525795147773
2023-10,AZ,Arizona,COM,commercial,2815.63362,11.78,million kilowatt hours,cents per kilowatt-hour,2023-10-01,亞利桑那,9.293850522717339,9.37790157845868,5.311543064487374,3.191884051542093,2.119659012945281
2023-11,AZ,Arizona,COM,commercial,2406.40388,11.61,million kilowatt hours,cents per kilowatt-hour,2023-11-01,亞利桑那,7.174485138304565,11.420345489443374,5.313128890884085,3.429358781729867,1.8837701091542174
2023-12,AZ,Arizona,COM,commercial,2400.82208,11.59,million kilowatt hours,cents per kilowatt-hour,2023-12-01,亞利桑那,4.127499254940936,13.405088062622305,6.865278305320946,2.0911483637636876,4.774129941557259
2024-01,AZ,Arizona,COM,commercial,2509.02612,11.37,million kilowatt hours,cents per kilowatt-hour,2024-01-01,亞利桑那,7.322793668871452,7.874762808349156,6.208259354038984,1.8057993898946245,4.402459964144359
2024-02,AZ,Arizona,COM,commercial,2448.28818,11.42,million kilowatt hours,cents per kilowatt-hour,2024-02-01,亞利桑那,13.061534333843072,6.7289719626168365,8.170609085885152,2.550600522276447,5.620008563608705
2024-03,AZ,Arizona,COM,commercial,2449.72288,11.67,million kilowatt hours,cents per kilowatt-hour,2024-03-01,亞利桑那,9.165182383272153,5.994550408719346,9.849836795328892,2.8848944276510564,6.9649423676778355
2024-04,AZ,Arizona,COM,commercial,2573.52015,12.06,million kilowatt hours,cents per kilowatt-hour,2024-04-01,亞利桑那,6.458769685219279,4.960835509138373,9.561828800778168,2.8392070963966787,6.722621704381488
2024-05,AZ,Arizona,COM,commercial,2997.14929,12.73,million kilowatt hours,cents per kilowatt-hour,2024-05-01,亞利桑那,8.892987159533106,5.033003300330052,8.172313076008178,2.550436573373856,5.621876502634322
2024-06,AZ,Arizona,COM,commercial,3449.76056,12.83,million kilowatt hours,cents per kilowatt-hour,2024-06-01,亞利桑那,19.679304504658333,4.563977180114098,11.677020449803571,4.92350867104799,6.753511778755581
2024-07,AZ,Arizona,COM,commercial,3908.03219,12.98,million kilowatt hours,cents per kilowatt-hour,2024-07-01,亞利桑那,7.9203924105581525,1.7241379310344973,12.164228024916527,4.131706586365598,8.03252143855093
2024-08,AZ,Arizona,COM,commercial,3911.24445,12.65,million kilowatt hours,cents per kilowatt-hour,2024-08-01,亞利桑那,10.02502005559589,2.929210740439392,12.541572323604123,3.311698220447871,9.229874103156252
2024-09,AZ,Arizona,COM,commercial,3458.56814,12.31,million kilowatt hours,cents per kilowatt-hour,2024-09-01,亞利桑那,14.47917027079173,1.483924154987637,10.808194245648588,1.4967233505496,9.311470895098989
2024-10,AZ,Arizona,COM,commercial,3112.05292,12.22,million kilowatt hours,cents per kilowatt-hour,2024-10-01,亞利桑那,10.527623263711416,3.735144312393901,11.677271196699678,1.4840247182677473,10.19324647843193
2024-11,AZ,Arizona,COM,commercial,2644.26421,11.75,million kilowatt hours,cents per kilowatt-hour,2024-11-01,亞利桑那,9.884472510075915,1.2058570198105079,11.630422014859684,1.6527730649773453,9.977648949882338
2024-12,AZ,Arizona,COM,commercial,2638.52692,11.8,million kilowatt hours,cents per kilowatt-hour,2024-12-01,亞利桑那,9.900976918706107,1.8119068162208984,10.104357564164475,3.153681698134369,6.950675866030107
2025-01,AZ,Arizona,COM,commercial,2697.80015,11.79,million kilowatt hours,cents per kilowatt-hour,2025-01-01,亞利桑那,7.523796922448933,3.693931398416894,9.103082117076982,4.146599641709832,4.9564824753671495
2025-02,AZ,Arizona,COM,commercial,2452.19294,11.96,million kilowatt hours,cents per kilowatt-hour,2025-02-01,亞利桑那,0.15948939474927926,4.728546409807355,5.86142107863477,4.734019182382432,1.127401896252338
2025-03,AZ,Arizona,COM,commercial,2714.60403,12.21,million kilowatt hours,cents per kilowatt-hour,2025-03-01,亞利桑那,10.81269853674225,4.6272493573264795,6.165328284646819,3.9592183726209504,2.2061099120258683
2025-04,AZ,Arizona,COM,commercial,2580.7177,12.37,million kilowatt hours,cents per kilowatt-hour,2025-04-01,亞利桑那,0.2796772350898591,2.5704809286898778,3.750621722193793,3.2668359200392083,0.48378580215458467
2025-05,AZ,Arizona,COM,commercial,3151.78862,12.81,million kilowatt hours,cents per kilowatt-hour,2025-05-01,亞利桑那,5.15954712419413,0.628436763550666,5.417307632008743,2.558421089520579,2.858886542488164
2025-06,AZ,Arizona,COM,commercial,3504.48384,12.94,million kilowatt hours,cents per kilowatt-hour,2025-06-01,亞利桑那,1.5862921222567383,0.8573655494933607,2.3418388271802395,2.3350300039433574,0.006808823236882144
2025-07,AZ,Arizona,COM,commercial,3861.12997,13.42,million kilowatt hours,cents per kilowatt-hour,2025-07-01,亞利桑那,-1.2001492751266163,3.3898305084745672,1.8485633237747479,2.4251379631788246,-0.5765746394040767
2025-08,AZ,Arizona,COM,commercial,4043.35225,13.0,million kilowatt hours,cents per kilowatt-hour,2025-08-01,亞利桑那,3.3776410983465732,2.7667984189723382,1.2545946484922288,2.2236463599597003,-0.9690517114674715
2025-09,AZ,Arizona,COM,commercial,3592.21156,12.59,million kilowatt hours,cents per kilowatt-hour,2025-09-01,亞利桑那,3.8641256898873877,2.2745735174654724,2.013872504369112,2.201984932033148,-0.18811242766403602
2025-10,AZ,Arizona,COM,commercial,3194.74084,12.2,million kilowatt hours,cents per kilowatt-hour,2025-10-01,亞利桑那,2.6570216550173553,-0.16366612111293755,3.2995961477504356,2.095111152258237,1.2044849954921988
2025-11,AZ,Arizona,COM,commercial,2912.44026,11.61,million kilowatt hours,cents per kilowatt-hour,2025-11-01,亞利桑那,10.141802357942131,-1.191489361702136,5.554316567615622,2.5207470536553918,3.0335695139602303
2025-12,AZ,Arizona,COM,commercial,2837.62523,11.87,million kilowatt hours,cents per kilowatt-hour,2025-12-01,亞利桑那,7.545813100894971,0.5932203389830359,6.781545704618149,3.3824773939724158,3.3990683106457333
2026-01,AZ,Arizona,COM,commercial,2931.07093,11.46,million kilowatt hours,cents per kilowatt-hour,2026-01-01,亞利桑那,8.646703500257424,-2.7989821882951516,8.778106319698173,2.7878460299787537,5.990260289719419
2026-02,AZ,Arizona,COM,commercial,2748.41713,11.72,million kilowatt hours,cents per kilowatt-hour,2026-02-01,亞利桑那,12.079970754666626,-2.006688963210701,9.42416245193967,2.708076019731538,6.716086432208133
2026-03,AZ,Arizona,COM,commercial,3249.6597,11.97,million kilowatt hours,cents per kilowatt-hour,2026-03-01,亞利桑那,19.710265809927364,-1.9656019656019708,13.478980021617133,2.693473422132012,10.785506599485121
2026-04,AZ,Arizona,COM,commercial,3148.1343,11.49,million kilowatt hours,cents per kilowatt-hour,2026-04-01,亞利桑那,21.98677522923178,-7.113985448666115,17.92567059794192,3.965376629458639,13.960293968483281
2026-05,AZ,Arizona,COM,commercial,3561.64443,12.15,million kilowatt hours,cents per kilowatt-hour,2026-05-01,亞利桑那,13.003911728065054,-5.152224824355978,18.233650922408064,4.372796893186673,13.86085402922139
2026-06,AZ,Arizona,COM,commercial,3983.12503,12.47,million kilowatt hours,cents per kilowatt-hour,2026-06-01,亞利桑那,13.657965390988934,-3.6321483771251883,16.216217449428587,3.9839622318365975,12.23225521759199
2018-01,CA,California,COM,commercial,9257.63574,14.45,million kilowatt hours,cents per kilowatt-hour,2018-01-01,加州,,,,,
2018-02,CA,California,COM,commercial,8409.89718,14.64,million kilowatt hours,cents per kilowatt-hour,2018-02-01,加州,,,,,
2018-03,CA,California,COM,commercial,10104.20655,14.56,million kilowatt hours,cents per kilowatt-hour,2018-03-01,加州,,,,,
2018-04,CA,California,COM,commercial,9200.48868,14.7,million kilowatt hours,cents per kilowatt-hour,2018-04-01,加州,,,,,
2018-05,CA,California,COM,commercial,9065.05852,15.52,million kilowatt hours,cents per kilowatt-hour,2018-05-01,加州,,,,,
2018-06,CA,California,COM,commercial,9702.49607,17.72,million kilowatt hours,cents per kilowatt-hour,2018-06-01,加州,,,,,
2018-07,CA,California,COM,commercial,10885.74178,18.59,million kilowatt hours,cents per kilowatt-hour,2018-07-01,加州,,,,,
2018-08,CA,California,COM,commercial,12393.4095,18.74,million kilowatt hours,cents per kilowatt-hour,2018-08-01,加州,,,,,
2018-09,CA,California,COM,commercial,8903.75262,17.45,million kilowatt hours,cents per kilowatt-hour,2018-09-01,加州,,,,,
2018-10,CA,California,COM,commercial,10532.62773,17.23,million kilowatt hours,cents per kilowatt-hour,2018-10-01,加州,,,,,
2018-11,CA,California,COM,commercial,8327.58206,15.83,million kilowatt hours,cents per kilowatt-hour,2018-11-01,加州,,,,,
2018-12,CA,California,COM,commercial,9003.59557,15.23,million kilowatt hours,cents per kilowatt-hour,2018-12-01,加州,,,,,
2019-01,CA,California,COM,commercial,9277.24624,14.74,million kilowatt hours,cents per kilowatt-hour,2019-01-01,加州,0.21183054238425036,2.006920415224922,,,
2019-02,CA,California,COM,commercial,8059.8144,15.01,million kilowatt hours,cents per kilowatt-hour,2019-02-01,加州,-4.162747445147719,2.5273224043715903,,,
2019-03,CA,California,COM,commercial,9273.91422,14.44,million kilowatt hours,cents per kilowatt-hour,2019-03-01,加州,-8.217293717140016,-0.8241758241758323,-4.056070206634495,-1.2417357311268769,-2.8143344755076187
2019-04,CA,California,COM,commercial,9046.08905,14.75,million kilowatt hours,cents per kilowatt-hour,2019-04-01,加州,-1.6781677079352741,0.3401360544217802,-4.686069623407669,-0.6825394209231117,-4.003530202484558
2019-05,CA,California,COM,commercial,9437.23478,15.5,million kilowatt hours,cents per kilowatt-hour,2019-05-01,加州,4.105613429619659,-0.12886597938144284,-1.929949331818544,-1.0645942326246087,-0.8653550991939352
2019-06,CA,California,COM,commercial,9051.59393,18.14,million kilowatt hours,cents per kilowatt-hour,2019-06-01,加州,-6.708605036312065,2.3702031602709006,-1.4270531048758934,-2.57912285238312,1.1520697475072266
2019-07,CA,California,COM,commercial,11051.29922,18.77,million kilowatt hours,cents per kilowatt-hour,2019-07-01,加州,1.520865030109153,0.968262506724038,-0.3607088588610843,-2.4379529216613096,2.0772440628002253
2019-08,CA,California,COM,commercial,11070.51778,18.78,million kilowatt hours,cents per kilowatt-hour,2019-08-01,加州,-10.674154840118854,0.2134471718249875,-5.287298282107256,-2.862938114968102,-2.4243601671391537
2019-09,CA,California,COM,commercial,9900.28199,19.07,million kilowatt hours,cents per kilowatt-hour,2019-09-01,加州,11.192240087191463,9.283667621776504,0.6796500923939206,-1.1440201695506935,1.8236702619446141
2019-10,CA,California,COM,commercial,10482.74043,17.75,million kilowatt hours,cents per kilowatt-hour,2019-10-01,加州,-0.47364533598682756,3.017991874637249,0.014813303695260386,-1.2373106513100642,1.2521239550053247
2019-11,CA,California,COM,commercial,7757.37033,16.81,million kilowatt hours,cents per kilowatt-hour,2019-11-01,加州,-6.847266420092179,6.1907770056853995,1.2904427770374856,-0.9112295756777895,2.201672352715275
2019-12,CA,California,COM,commercial,9871.27062,15.09,million kilowatt hours,cents per kilowatt-hour,2019-12-01,加州,9.636983838890934,-0.9192383453709874,0.772024027603976,-0.9171947009055218,1.689218728509498
2020-01,CA,California,COM,commercial,9098.34947,15.29,million kilowatt hours,cents per kilowatt-hour,2020-01-01,加州,-1.9283391361184954,3.731343283582089,0.28712609422675345,-1.3341577802286995,1.621283874455453
2020-02,CA,California,COM,commercial,7694.22094,15.78,million kilowatt hours,cents per kilowatt-hour,2020-02-01,加州,-4.536003459335247,5.129913391072605,1.0575470811457306,-0.34545296149585897,1.4030000426415896
2020-03,CA,California,COM,commercial,9168.76188,15.08,million kilowatt hours,cents per kilowatt-hour,2020-03-01,加州,-1.1338506859728148,4.432132963988922,-2.5327310938088523,-1.3881592124780393,-1.144571881330813
2020-04,CA,California,COM,commercial,7947.62719,14.89,million kilowatt hours,cents per kilowatt-hour,2020-04-01,加州,-12.142947675271898,0.9491525423728886,-5.937600606859987,-4.325605258625953,-1.611995348234034
2020-05,CA,California,COM,commercial,7652.00106,16.57,million kilowatt hours,cents per kilowatt-hour,2020-05-01,加州,-18.916915406018976,6.903225806451618,-10.73123792242123,-9.700292234919402,-1.030945687501827
2020-06,CA,California,COM,commercial,9063.84952,18.99,million kilowatt hours,cents per kilowatt-hour,2020-06-01,加州,0.13539703719342988,4.68577728776185,-10.30815534803248,-10.430432061948995,0.12227671391651462
2020-07,CA,California,COM,commercial,10803.1348,19.54,million kilowatt hours,cents per kilowatt-hour,2020-07-01,加州,-2.245567829263795,4.10229088971763,-7.009028732696447,-7.816711573958635,0.8076828412621877
2020-08,CA,California,COM,commercial,9019.86006,21.01,million kilowatt hours,cents per kilowatt-hour,2020-08-01,加州,-18.523593573055074,11.87433439829606,-6.877921455041814,-4.717828814728686,-2.1600926403131275
2020-09,CA,California,COM,commercial,9507.67956,20.03,million kilowatt hours,cents per kilowatt-hour,2020-09-01,加州,-3.9655681565086365,5.034084950183537,-8.244909852942504,-5.359998420071847,-2.8849114328706573
2020-10,CA,California,COM,commercial,10075.93605,18.42,million kilowatt hours,cents per kilowatt-hour,2020-10-01,加州,-3.8807064118060897,3.7746478873239564,-8.789956047123267,-6.357942184431664,-2.432013862691603
2020-11,CA,California,COM,commercial,7434.80619,17.45,million kilowatt hours,cents per kilowatt-hour,2020-11-01,加州,-4.15816347909227,3.8072575847709844,-4.001479349135665,-5.992677109327601,1.9911977601919357
2020-12,CA,California,COM,commercial,9540.12028,16.07,million kilowatt hours,cents per kilowatt-hour,2020-12-01,加州,-3.3546880918152833,6.494367130550027,-3.7978526609045478,-4.364275649008198,0.5664229881036507
2021-01,CA,California,COM,commercial,7717.12144,16.65,million kilowatt hours,cents per kilowatt-hour,2021-01-01,加州,-15.181083498213876,8.894702419882282,-7.564645023040477,-4.0010829930496286,-3.563562029990848
2021-02,CA,California,COM,commercial,6616.06076,17.7,million kilowatt hours,cents per kilowatt-hour,2021-02-01,加州,-14.01259709602256,12.16730038022813,-10.849456228683906,-3.9063708941739423,-6.943085334509963
2021-03,CA,California,COM,commercial,9935.32447,16.67,million kilowatt hours,cents per kilowatt-hour,2021-03-01,加州,8.360590012399793,10.543766578249357,-6.944363527278881,-3.5154540180717135,-3.4289095092071675
2021-04,CA,California,COM,commercial,6528.13153,18.75,million kilowatt hours,cents per kilowatt-hour,2021-04-01,加州,-17.8606221211038,25.92343854936199,-7.837543068242188,0.7655830195937744,-8.603126087835962
2021-05,CA,California,COM,commercial,7939.1792,17.76,million kilowatt hours,cents per kilowatt-hour,2021-05-01,加州,3.7529809228751043,7.181653590826809,-1.9156837286096335,5.953664821556359,-7.869348550165992
2021-06,CA,California,COM,commercial,10043.76221,20.28,million kilowatt hours,cents per kilowatt-hour,2021-06-01,加州,10.81121975643744,6.793048973143767,-1.0988071472637515,9.225626273878907,-10.32443342114266
2021-07,CA,California,COM,commercial,10664.72455,20.93,million kilowatt hours,cents per kilowatt-hour,2021-07-01,加州,-1.2812045074175993,7.113613101330607,4.427665390631648,6.7540384826568465,-2.3263730920251984
2021-08,CA,California,COM,commercial,10976.9092,21.31,million kilowatt hours,cents per kilowatt-hour,2021-08-01,加州,21.69711200597051,1.4278914802474896,10.409042418330117,5.25524819230206,5.153794226028056
2021-09,CA,California,COM,commercial,10005.47064,21.79,million kilowatt hours,cents per kilowatt-hour,2021-09-01,加州,5.235673718898437,8.78681977034448,8.550527072483781,4.076386522084825,4.474140550398956
2021-10,CA,California,COM,commercial,10165.57786,20.25,million kilowatt hours,cents per kilowatt-hour,2021-10-01,加州,0.8896623554890404,9.934853420195422,9.274149360119328,5.041265214424606,4.2328841456947215
2021-11,CA,California,COM,commercial,8984.98536,17.6,million kilowatt hours,cents per kilowatt-hour,2021-11-01,加州,20.850296973242276,0.8595988538682153,8.99187768254325,4.769547974197819,4.2223297083454305
2021-12,CA,California,COM,commercial,9184.34678,18.37,million kilowatt hours,cents per kilowatt-hour,2021-12-01,加州,-3.7292349525806956,14.312383322962052,6.003574792050205,3.4059493392615416,2.5976254527886637
2022-01,CA,California,COM,commercial,8890.00387,18.54,million kilowatt hours,cents per kilowatt-hour,2022-01-01,加州,15.198444641814524,11.351351351351347,10.773168887492034,5.149995910401921,5.623172977090113
2022-02,CA,California,COM,commercial,7706.31665,19.46,million kilowatt hours,cents per kilowatt-hour,2022-02-01,加州,16.47892801395614,9.943502824858763,9.31604590106332,4.835213760099456,4.480832140963865
2022-03,CA,California,COM,commercial,9580.61864,19.36,million kilowatt hours,cents per kilowatt-hour,2022-03-01,加州,-3.570148424151054,16.136772645470888,9.369074743873202,6.35561710755607,3.013457636317132
2022-04,CA,California,COM,commercial,8871.19585,21.05,million kilowatt hours,cents per kilowatt-hour,2022-04-01,加州,35.89180624245174,12.26666666666667,16.26686194408561,5.423862448154774,10.842999495930833
2022-05,CA,California,COM,commercial,8741.9334,19.84,million kilowatt hours,cents per kilowatt-hour,2022-05-01,加州,10.111299666847184,11.711711711711704,14.144319161715956,6.469565002645993,7.674754159069963
2022-06,CA,California,COM,commercial,9441.96712,22.59,million kilowatt hours,cents per kilowatt-hour,2022-06-01,加州,-5.991729766370102,11.390532544378695,13.337125380976273,5.318335181741081,8.018790199235191
2022-07,CA,California,COM,commercial,10700.20274,23.83,million kilowatt hours,cents per kilowatt-hour,2022-07-01,加州,0.33266860136580423,13.855709507883418,1.4840795006142933,4.934224171123717,-3.450144670509424
2022-08,CA,California,COM,commercial,11715.24765,24.71,million kilowatt hours,cents per kilowatt-hour,2022-08-01,加州,6.7262873049910965,15.954950727358064,0.3557420466622639,3.453860149119,-3.098118102456736
2022-09,CA,California,COM,commercial,11122.58876,24.2,million kilowatt hours,cents per kilowatt-hour,2022-09-01,加州,11.165073190400188,11.060119320789363,6.074676365585694,4.20840331693136,1.8662730486543344
2022-10,CA,California,COM,commercial,10432.03221,22.79,million kilowatt hours,cents per kilowatt-hour,2022-10-01,加州,2.621143172278062,12.543209876543205,6.837501222556447,2.501781581396245,4.3357196411602015
2022-11,CA,California,COM,commercial,8077.94636,22.09,million kilowatt hours,cents per kilowatt-hour,2022-11-01,加州,-10.095052620096878,25.511363636363615,1.2303879141937883,2.420679928172239,-1.1902920139784505
2022-12,CA,California,COM,commercial,8861.33076,21.02,million kilowatt hours,cents per kilowatt-hour,2022-12-01,加州,-3.5170276965521885,14.425694066412632,-3.663645714790338,3.2822377255522284,-6.945883440342566
2023-01,CA,California,COM,commercial,9187.23047,21.92,million kilowatt hours,cents per kilowatt-hour,2023-01-01,加州,3.343379871891994,18.230852211434744,-3.4229001482523604,3.160331967566569,-6.583232115818929
2023-02,CA,California,COM,commercial,8232.64667,21.29,million kilowatt hours,cents per kilowatt-hour,2023-02-01,加州,6.829851976040979,9.403905447070905,2.218734717126925,2.329167081376249,-0.1104323642493239
2023-03,CA,California,COM,commercial,9598.61542,21.6,million kilowatt hours,cents per kilowatt-hour,2023-03-01,加州,0.18784569844854104,11.570247933884303,3.4536925154605016,1.2489768974882336,2.2047156179722682
2023-04,CA,California,COM,commercial,7351.00112,21.37,million kilowatt hours,cents per kilowatt-hour,2023-04-01,加州,-17.13629994991036,1.5201900237529653,-3.372867425140283,1.3367652394884761,-4.709632664628759
2023-05,CA,California,COM,commercial,9130.68304,21.77,million kilowatt hours,cents per kilowatt-hour,2023-05-01,加州,4.446952661524506,9.727822580645151,-4.1671671966457735,1.1579487088968794,-5.325115905542653
2023-06,CA,California,COM,commercial,9544.08938,24.13,million kilowatt hours,cents per kilowatt-hour,2023-06-01,加州,1.08157822095869,6.817175741478532,-3.8692563558090574,-0.31795700806442156,-3.551299347744636
2023-07,CA,California,COM,commercial,10697.34361,26.54,million kilowatt hours,cents per kilowatt-hour,2023-07-01,加州,-0.02672033483358538,11.372219890893831,1.8339368492165338,0.44130071906749446,1.3926361301490393
2023-08,CA,California,COM,commercial,10940.53632,28.02,million kilowatt hours,cents per kilowatt-hour,2023-08-01,加州,-6.6128463788812875,13.395386483205174,-1.8526628309187305,1.0385248373614357,-2.8911876682801663
2023-09,CA,California,COM,commercial,10285.3966,27.27,million kilowatt hours,cents per kilowatt-hour,2023-09-01,加州,-7.526954183640977,12.685950413223136,-4.722173632451953,1.9053598711366693,-6.627533503588622
2023-10,CA,California,COM,commercial,10407.52147,24.75,million kilowatt hours,cents per kilowatt-hour,2023-10-01,加州,-0.23495652147722534,8.600263273365517,-4.791585694666499,3.191884051542093,-7.983469746208592
2023-11,CA,California,COM,commercial,8736.54537,23.12,million kilowatt hours,cents per kilowatt-hour,2023-11-01,加州,8.153050053182076,4.6627433227704795,0.13037978268795491,3.429358781729867,-3.2989789990419123
2023-12,CA,California,COM,commercial,8823.95653,22.66,million kilowatt hours,cents per kilowatt-hour,2023-12-01,加州,-0.4217676894390232,7.802093244529029,2.498775280755273,2.0911483637636876,0.4076269169915854
2024-01,CA,California,COM,commercial,9352.85241,23.1,million kilowatt hours,cents per kilowatt-hour,2024-01-01,加州,1.802740668592362,5.383211678832112,3.178007677445135,1.8057993898946245,1.3722082875505106
2024-02,CA,California,COM,commercial,8423.12252,23.72,million kilowatt hours,cents per kilowatt-hour,2024-02-01,加州,2.3136648229311163,11.413809300140908,1.2315459340281487,2.550600522276447,-1.3190545882482985
2024-03,CA,California,COM,commercial,8741.59624,23.77,million kilowatt hours,cents per kilowatt-hour,2024-03-01,加州,-8.928570866734443,10.046296296296298,-1.6040551250703246,2.8848944276510564,-4.488949552721381
2024-04,CA,California,COM,commercial,8759.4484,22.87,million kilowatt hours,cents per kilowatt-hour,2024-04-01,加州,19.159938313272896,7.019185774450154,4.18167742315652,2.8392070963966787,1.3424703267598415
2024-05,CA,California,COM,commercial,9027.87148,23.8,million kilowatt hours,cents per kilowatt-hour,2024-05-01,加州,-1.126000755360801,9.324758842443725,3.0351222303925476,2.550436573373856,0.4846856570186917
2024-06,CA,California,COM,commercial,9650.7463,26.08,million kilowatt hours,cents per kilowatt-hour,2024-06-01,加州,1.1175180339729973,8.08122668876916,6.383818530628361,4.92350867104799,1.460309859580371
2024-07,CA,California,COM,commercial,10996.98098,30.26,million kilowatt hours,cents per kilowatt-hour,2024-07-01,加州,2.8010446417734647,14.01657874905804,0.930853973461884,4.131706586365598,-3.2008526129037143
2024-08,CA,California,COM,commercial,11045.62667,29.0,million kilowatt hours,cents per kilowatt-hour,2024-08-01,加州,0.9605593997059181,3.4975017844396827,1.6263740251507903,3.311698220447871,-1.6853241952970806
2024-09,CA,California,COM,commercial,10173.01021,29.14,million kilowatt hours,cents per kilowatt-hour,2024-09-01,加州,-1.0926792069447244,6.857352401906858,0.8896416115115499,1.4967233505496,-0.6070817390380502
2024-10,CA,California,COM,commercial,10608.9643,26.46,million kilowatt hours,cents per kilowatt-hour,2024-10-01,加州,1.9355504630056641,6.909090909090909,0.601143551922283,1.4840247182677473,-0.8828811663454643
2024-11,CA,California,COM,commercial,8805.51124,22.48,million kilowatt hours,cents per kilowatt-hour,2024-11-01,加州,0.7893952023281248,-2.768166089965396,0.5440888194630186,1.6527730649773453,-1.1086842455143269
2024-12,CA,California,COM,commercial,9539.86424,23.19,million kilowatt hours,cents per kilowatt-hour,2024-12-01,加州,8.113227978470118,2.3389232127096315,3.612724547934633,3.153681698134369,0.45904284980026366
2025-01,CA,California,COM,commercial,9352.45113,23.9,million kilowatt hours,cents per kilowatt-hour,2025-01-01,加州,-0.004290455814004446,3.463203463203457,2.9661109083280763,4.146599641709832,-1.1804887333817558
2025-02,CA,California,COM,commercial,7926.23525,24.2,million kilowatt hours,cents per kilowatt-hour,2025-02-01,加州,-5.899086340251891,2.023608768971341,0.736617060801405,4.734019182382432,-3.9974021215810267
2025-03,CA,California,COM,commercial,8989.73539,23.84,million kilowatt hours,cents per kilowatt-hour,2025-03-01,加州,2.838602277974789,0.2944888514934796,-1.0215915060303713,3.9592183726209504,-4.980809878651321
2025-04,CA,California,COM,commercial,8419.58581,23.41,million kilowatt hours,cents per kilowatt-hour,2025-04-01,加州,-3.879954244607442,2.3611718408395266,-2.313479435628184,3.2668359200392083,-5.580315355667392
2025-05,CA,California,COM,commercial,9441.87934,23.98,million kilowatt hours,cents per kilowatt-hour,2025-05-01,加州,4.5858856200730935,0.7563025210084007,1.181511217813478,2.558421089520579,-1.376909871707101
2025-06,CA,California,COM,commercial,9481.36853,26.83,million kilowatt hours,cents per kilowatt-hour,2025-06-01,加州,-1.7550743200036356,2.8757668711656414,-0.3497143148459969,2.3350300039433574,-2.6847443187893543
2025-07,CA,California,COM,commercial,10186.88106,30.08,million kilowatt hours,cents per kilowatt-hour,2025-07-01,加州,-7.366566528334584,-0.594844679444817,-1.511918409421711,2.4251379631788246,-3.9370563726005354
2025-08,CA,California,COM,commercial,10910.67823,29.46,million kilowatt hours,cents per kilowatt-hour,2025-08-01,加州,-1.2217363851932506,1.586206896551734,-3.447792411177159,2.2236463599597003,-5.6714387711368595
2025-09,CA,California,COM,commercial,10006.9868,30.36,million kilowatt hours,cents per kilowatt-hour,2025-09-01,加州,-1.631998853562533,4.186684969114607,-3.4067672556967916,2.201984932033148,-5.608752187729939
2025-10,CA,California,COM,commercial,10271.50484,26.94,million kilowatt hours,cents per kilowatt-hour,2025-10-01,加州,-3.180889768853312,1.8140589569161092,-2.011541669203034,2.095111152258237,-4.106652821461271
2025-11,CA,California,COM,commercial,8947.44316,24.39,million kilowatt hours,cents per kilowatt-hour,2025-11-01,加州,1.6118532602088953,8.4964412811388,-1.067011787402319,2.5207470536553918,-3.5877588410577106
2025-12,CA,California,COM,commercial,9582.47466,26.92,million kilowatt hours,cents per kilowatt-hour,2025-12-01,加州,0.44665646101478274,16.084519189305734,-0.37412668254321374,3.3824773939724158,-3.7566040765156297
2026-01,CA,California,COM,commercial,8485.6024,23.13,million kilowatt hours,cents per kilowatt-hour,2026-01-01,加州,-9.268679600146701,-3.2217573221757334,-2.40338995964101,2.7878460299787537,-5.191235989619764
2026-02,CA,California,COM,commercial,8582.83455,24.73,million kilowatt hours,cents per kilowatt-hour,2026-02-01,加州,8.283873482054416,2.1900826446280997,-0.1793832190258365,2.708076019731538,-2.8874592387573745
2026-03,CA,California,COM,commercial,7809.0944,28.18,million kilowatt hours,cents per kilowatt-hour,2026-03-01,加州,-13.133211810809486,18.20469798657718,-4.706005976300593,2.693473422132012,-7.399479398432605
2026-04,CA,California,COM,commercial,8158.72254,25.75,million kilowatt hours,cents per kilowatt-hour,2026-04-01,加州,-3.0982910072627545,9.995728321230235,-2.6492097786726108,3.965376629458639,-6.61458640813125
2026-05,CA,California,COM,commercial,9141.36288,24.1,million kilowatt hours,cents per kilowatt-hour,2026-05-01,加州,-3.182803435401649,0.5004170141784892,-6.471435417824632,4.372796893186673,-10.844232311011305
2026-06,CA,California,COM,commercial,10024.68039,27.33,million kilowatt hours,cents per kilowatt-hour,2026-06-01,加州,5.730310537776351,1.863585538576218,-0.18359463496268683,3.9839622318365975,-4.167556866799284
2018-01,OH,Ohio,COM,commercial,4053.49914,9.74,million kilowatt hours,cents per kilowatt-hour,2018-01-01,俄亥俄,,,,,
2018-02,OH,Ohio,COM,commercial,3507.85216,10.51,million kilowatt hours,cents per kilowatt-hour,2018-02-01,俄亥俄,,,,,
2018-03,OH,Ohio,COM,commercial,3803.69455,10.15,million kilowatt hours,cents per kilowatt-hour,2018-03-01,俄亥俄,,,,,
2018-04,OH,Ohio,COM,commercial,3441.73261,10.28,million kilowatt hours,cents per kilowatt-hour,2018-04-01,俄亥俄,,,,,
2018-05,OH,Ohio,COM,commercial,4052.53024,10.2,million kilowatt hours,cents per kilowatt-hour,2018-05-01,俄亥俄,,,,,
2018-06,OH,Ohio,COM,commercial,4130.90537,10.14,million kilowatt hours,cents per kilowatt-hour,2018-06-01,俄亥俄,,,,,
2018-07,OH,Ohio,COM,commercial,4393.56783,10.02,million kilowatt hours,cents per kilowatt-hour,2018-07-01,俄亥俄,,,,,
2018-08,OH,Ohio,COM,commercial,4517.59483,9.9,million kilowatt hours,cents per kilowatt-hour,2018-08-01,俄亥俄,,,,,
2018-09,OH,Ohio,COM,commercial,4018.39835,10.07,million kilowatt hours,cents per kilowatt-hour,2018-09-01,俄亥俄,,,,,
2018-10,OH,Ohio,COM,commercial,3991.18551,10.29,million kilowatt hours,cents per kilowatt-hour,2018-10-01,俄亥俄,,,,,
2018-11,OH,Ohio,COM,commercial,3609.95258,10.21,million kilowatt hours,cents per kilowatt-hour,2018-11-01,俄亥俄,,,,,
2018-12,OH,Ohio,COM,commercial,3670.62687,9.86,million kilowatt hours,cents per kilowatt-hour,2018-12-01,俄亥俄,,,,,
2019-01,OH,Ohio,COM,commercial,3907.59307,9.87,million kilowatt hours,cents per kilowatt-hour,2019-01-01,俄亥俄,-3.5995090898181314,1.3347022587268942,,,
2019-02,OH,Ohio,COM,commercial,3467.80987,10.19,million kilowatt hours,cents per kilowatt-hour,2019-02-01,俄亥俄,-1.1415044925952578,-3.04471931493816,,,
2019-03,OH,Ohio,COM,commercial,3800.46987,10.14,million kilowatt hours,cents per kilowatt-hour,2019-03-01,俄亥俄,-0.08477757500271466,-0.09852216748768017,-1.6085970524720345,-1.2417357311268769,-0.3668613213451577
2019-04,OH,Ohio,COM,commercial,3360.42129,10.14,million kilowatt hours,cents per kilowatt-hour,2019-04-01,俄亥俄,-2.3625112469152554,-1.3618677042801397,-1.1962644381710759,-0.6825394209231117,-0.5137250172479642
2019-05,OH,Ohio,COM,commercial,3759.97848,9.96,million kilowatt hours,cents per kilowatt-hour,2019-05-01,俄亥俄,-7.218990178343487,-2.3529411764705688,-3.2220930000871526,-1.0645942326246087,-2.1574987674625437
2019-06,OH,Ohio,COM,commercial,3855.42356,9.85,million kilowatt hours,cents per kilowatt-hour,2019-06-01,俄亥俄,-6.6687998229308265,-2.859960552268248,-5.416767082729856,-2.57912285238312,-2.837644230346736
2019-07,OH,Ohio,COM,commercial,4630.2975,9.52,million kilowatt hours,cents per kilowatt-hour,2019-07-01,俄亥俄,5.388096398183961,-4.990019960079839,-2.833231201030118,-2.4379529216613096,-0.3952782793688083
2019-08,OH,Ohio,COM,commercial,4202.44344,9.46,million kilowatt hours,cents per kilowatt-hour,2019-08-01,俄亥俄,-6.976087981754664,-4.444444444444439,-2.7522638021671764,-2.862938114968102,0.11067431280092555
2019-09,OH,Ohio,COM,commercial,4045.18714,9.43,million kilowatt hours,cents per kilowatt-hour,2019-09-01,俄亥俄,0.6666534192659057,-6.35551142005959,-0.3071127214349323,-1.1440201695506935,0.8369074481157612
2019-10,OH,Ohio,COM,commercial,3738.31582,9.43,million kilowatt hours,cents per kilowatt-hour,2019-10-01,俄亥俄,-6.335703749335375,-8.357628765792025,-4.215046103941378,-1.2373106513100642,-2.977735452631314
2019-11,OH,Ohio,COM,commercial,3625.50967,9.63,million kilowatt hours,cents per kilowatt-hour,2019-11-01,俄亥俄,0.4309499821739893,-5.680705190989221,-1.7460334492984932,-0.9112295756777895,-0.8348038736207037
2019-12,OH,Ohio,COM,commercial,3615.48733,9.11,million kilowatt hours,cents per kilowatt-hour,2019-12-01,俄亥俄,-1.5021831952099274,-7.6064908722109585,-2.4689789874571044,-0.9171947009055218,-1.5517842865515825
2020-01,OH,Ohio,COM,commercial,3737.59262,9.26,million kilowatt hours,cents per kilowatt-hour,2020-01-01,俄亥俄,-4.350515699936997,-6.180344478216815,-1.8072496376576452,-1.3341577802286995,-0.4730918574289458
2020-02,OH,Ohio,COM,commercial,3700.50631,9.1,million kilowatt hours,cents per kilowatt-hour,2020-02-01,俄亥俄,6.7101844888630024,-10.696761530912656,0.28582853123869256,-0.34545296149585897,0.6312814927345516
2020-03,OH,Ohio,COM,commercial,3390.49685,9.54,million kilowatt hours,cents per kilowatt-hour,2020-03-01,俄亥俄,-10.787429818513461,-5.917159763313629,-2.8092536765291523,-1.3881592124780393,-1.421094464051113
2020-04,OH,Ohio,COM,commercial,2979.36106,9.9,million kilowatt hours,cents per kilowatt-hour,2020-04-01,俄亥俄,-11.33965646313353,-2.3668639053254448,-5.138967264261329,-4.325605258625953,-0.8133620056353763
2020-05,OH,Ohio,COM,commercial,3161.75612,9.73,million kilowatt hours,cents per kilowatt-hour,2020-05-01,俄亥俄,-15.910260209787165,-2.309236947791171,-12.67911549714472,-9.700292234919402,-2.9788232622253172
2020-06,OH,Ohio,COM,commercial,3697.31058,9.58,million kilowatt hours,cents per kilowatt-hour,2020-06-01,俄亥俄,-4.10105342615068,-2.741116751269035,-10.450323366357125,-10.430432061948995,-0.01989130440813014
2020-07,OH,Ohio,COM,commercial,4360.72267,9.17,million kilowatt hours,cents per kilowatt-hour,2020-07-01,俄亥俄,-5.821976449677358,-3.676470588235292,-8.611096695205068,-7.816711573958635,-0.7943851212464335
2020-08,OH,Ohio,COM,commercial,4023.04372,9.48,million kilowatt hours,cents per kilowatt-hour,2020-08-01,俄亥俄,-4.268938358394658,0.21141649048626032,-4.730656078074232,-4.717828814728686,-0.012827263345545958
2020-09,OH,Ohio,COM,commercial,3578.44169,9.91,million kilowatt hours,cents per kilowatt-hour,2020-09-01,俄亥俄,-11.538290661133665,5.090137857900312,-7.209735156401893,-5.359998420071847,-1.8497367363300468
2020-10,OH,Ohio,COM,commercial,3604.43015,9.82,million kilowatt hours,cents per kilowatt-hour,2020-10-01,俄亥俄,-3.581443528224959,4.135737009544016,-6.462890849251093,-6.357942184431664,-0.1049486648194291
2020-11,OH,Ohio,COM,commercial,3325.00444,9.82,million kilowatt hours,cents per kilowatt-hour,2020-11-01,俄亥俄,-8.288634077757118,1.9730010384215957,-7.802789422371913,-5.992677109327601,-1.8101123130443124
2020-12,OH,Ohio,COM,commercial,3645.49883,9.23,million kilowatt hours,cents per kilowatt-hour,2020-12-01,俄亥俄,0.8300817361735824,1.317233809001106,-3.679998623269498,-4.364275649008198,0.6842770257387003
2021-01,OH,Ohio,COM,commercial,3553.02813,9.0,million kilowatt hours,cents per kilowatt-hour,2021-01-01,俄亥俄,-4.938057963096032,-2.8077753779697567,-4.1322034348931895,-4.0010829930496286,-0.13112044184356098
2021-02,OH,Ohio,COM,commercial,3535.41775,9.36,million kilowatt hours,cents per kilowatt-hour,2021-02-01,俄亥俄,-4.461242494138595,2.857142857142847,-2.8564062403536816,-3.9063708941739423,1.0499646538202607
2021-03,OH,Ohio,COM,commercial,3481.27626,9.73,million kilowatt hours,cents per kilowatt-hour,2021-03-01,俄亥俄,2.677466283444563,1.9916142557652172,-2.240611391263355,-3.5154540180717135,1.2748426268083586
2021-04,OH,Ohio,COM,commercial,3351.9403,9.73,million kilowatt hours,cents per kilowatt-hour,2021-04-01,俄亥俄,12.505340322867742,-1.7171717171717171,3.573854704057903,0.7655830195937744,2.8082716844641284
2021-05,OH,Ohio,COM,commercial,3629.6176,9.73,million kilowatt hours,cents per kilowatt-hour,2021-05-01,俄亥俄,14.797519550622384,0.0,9.993442052311563,5.953664821556359,4.039777230755204
2021-06,OH,Ohio,COM,commercial,3924.8206,9.83,million kilowatt hours,cents per kilowatt-hour,2021-06-01,俄亥俄,6.153392177294448,2.609603340292277,11.15208401692819,9.225626273878907,1.9264577430492835
2021-07,OH,Ohio,COM,commercial,4302.50895,9.67,million kilowatt hours,cents per kilowatt-hour,2021-07-01,俄亥俄,-1.3349557952971103,5.452562704471098,6.5386519775399075,6.7540384826568465,-0.21538650511693902
2021-08,OH,Ohio,COM,commercial,4398.34476,9.66,million kilowatt hours,cents per kilowatt-hour,2021-08-01,俄亥俄,9.32878353109221,1.8987341772151778,4.715739971029849,5.25524819230206,-0.5395082212722118
2021-09,OH,Ohio,COM,commercial,3852.69212,10.02,million kilowatt hours,cents per kilowatt-hour,2021-09-01,俄亥俄,7.6639625221893715,1.1099899091826293,5.219263419328157,4.076386522084825,1.1428768972433314
2021-10,OH,Ohio,COM,commercial,3810.24678,10.14,million kilowatt hours,cents per kilowatt-hour,2021-10-01,俄亥俄,5.710101775727283,3.258655804480659,7.567615943002955,5.041265214424606,2.5263507285783486
2021-11,OH,Ohio,COM,commercial,3527.22427,10.27,million kilowatt hours,cents per kilowatt-hour,2021-11-01,俄亥俄,6.081791277247128,4.582484725050917,6.48528519172126,4.769547974197819,1.7157372175234418
2021-12,OH,Ohio,COM,commercial,3613.33447,9.85,million kilowatt hours,cents per kilowatt-hour,2021-12-01,俄亥俄,-0.8823033965971727,6.717226435536294,3.6365298854590793,3.4059493392615416,0.23058054619753765
2022-01,OH,Ohio,COM,commercial,3871.98864,9.6,million kilowatt hours,cents per kilowatt-hour,2022-01-01,俄亥俄,8.977145643932749,6.666666666666665,4.725544508194235,5.149995910401921,-0.4244514022076853
2022-02,OH,Ohio,COM,commercial,3476.90583,10.07,million kilowatt hours,cents per kilowatt-hour,2022-02-01,俄亥俄,-1.6550213903293254,7.585470085470103,2.1466069523354165,4.835213760099456,-2.6886068077640393
2022-03,OH,Ohio,COM,commercial,3740.81081,9.9,million kilowatt hours,cents per kilowatt-hour,2022-03-01,俄亥俄,7.455155253895307,1.747173689619741,4.92575983583291,6.35561710755607,-1.4298572717231606
2022-04,OH,Ohio,COM,commercial,3377.22967,10.28,million kilowatt hours,cents per kilowatt-hour,2022-04-01,俄亥俄,0.7544695828860748,5.65262076053441,2.184867815484018,5.423862448154774,-3.238994632670756
2022-05,OH,Ohio,COM,commercial,3716.30618,10.39,million kilowatt hours,cents per kilowatt-hour,2022-05-01,俄亥俄,2.388366752464499,6.783144912641315,3.5326638630819596,6.469565002645993,-2.9369011395640334
2022-06,OH,Ohio,COM,commercial,3959.34657,10.75,million kilowatt hours,cents per kilowatt-hour,2022-06-01,俄亥俄,0.8796827554360176,9.35910478128179,1.3408396969288636,5.318335181741081,-3.9774954848122173
2022-07,OH,Ohio,COM,commercial,4459.51733,10.61,million kilowatt hours,cents per kilowatt-hour,2022-07-01,俄亥俄,3.649228434492846,9.72078593588417,2.305759314131121,4.934224171123717,-2.6284648569925966
2022-08,OH,Ohio,COM,commercial,4409.21796,10.74,million kilowatt hours,cents per kilowatt-hour,2022-08-01,俄亥俄,0.24721118041688417,11.180124223602483,1.592040790115249,3.453860149119,-1.861819359003751
2022-09,OH,Ohio,COM,commercial,3925.07015,10.69,million kilowatt hours,cents per kilowatt-hour,2022-09-01,俄亥俄,1.8786351918512523,6.686626746506996,1.925024935586994,4.20840331693136,-2.2833783813443658
2022-10,OH,Ohio,COM,commercial,3575.59359,10.82,million kilowatt hours,cents per kilowatt-hour,2022-10-01,俄亥俄,-6.158477483182856,6.706114398422081,-1.3442103703049069,2.501781581396245,-3.8459919517011523
2022-11,OH,Ohio,COM,commercial,3674.72693,10.61,million kilowatt hours,cents per kilowatt-hour,2022-11-01,俄亥俄,4.181833892858755,3.3106134371957197,-0.03266946615761649,2.420679928172239,-2.453349394329855
2022-12,OH,Ohio,COM,commercial,3904.08933,10.14,million kilowatt hours,cents per kilowatt-hour,2022-12-01,俄亥俄,8.046718686410447,2.9441624365482255,2.023358365362115,3.2822377255522284,-1.2588793601901132
2023-01,OH,Ohio,COM,commercial,3745.86355,10.47,million kilowatt hours,cents per kilowatt-hour,2023-01-01,俄亥俄,-3.257372418324034,9.062500000000018,2.9903933869817227,3.160331967566569,-0.16993858058484612
2023-02,OH,Ohio,COM,commercial,3467.64737,10.61,million kilowatt hours,cents per kilowatt-hour,2023-02-01,俄亥俄,-0.26628446246990123,5.362462760675268,1.507687268538837,2.329167081376249,-0.8214798128374119
2023-03,OH,Ohio,COM,commercial,3881.3564,10.36,million kilowatt hours,cents per kilowatt-hour,2023-03-01,俄亥俄,3.7570889611495906,4.646464646464632,0.07781069345188489,1.2489768974882336,-1.1711662040363486
2023-04,OH,Ohio,COM,commercial,3435.48277,10.66,million kilowatt hours,cents per kilowatt-hour,2023-04-01,俄亥俄,1.7248782491005477,3.6964980544747172,1.7385609159267454,1.3367652394884761,0.4017956764382693
2023-05,OH,Ohio,COM,commercial,3672.47557,10.96,million kilowatt hours,cents per kilowatt-hour,2023-05-01,俄亥俄,-1.1794133173386734,5.486044273339763,1.4341846309704878,1.1579487088968794,0.27623592207360836
2023-06,OH,Ohio,COM,commercial,3960.58736,10.97,million kilowatt hours,cents per kilowatt-hour,2023-06-01,俄亥俄,0.0313382518570382,2.0465116279069884,0.19226772787297053,-0.31795700806442156,0.5102247359373921
2023-07,OH,Ohio,COM,commercial,4577.48001,10.57,million kilowatt hours,cents per kilowatt-hour,2023-07-01,俄亥俄,2.645189406630255,-0.37700282752120007,0.4990381137162063,0.44130071906749446,0.05773739464871186
2023-08,OH,Ohio,COM,commercial,4254.14199,10.81,million kilowatt hours,cents per kilowatt-hour,2023-08-01,俄亥俄,-3.517085601275194,0.6517690875232907,-0.2801859809293005,1.0385248373614357,-1.3187108182907363
2023-09,OH,Ohio,COM,commercial,3894.4844,10.9,million kilowatt hours,cents per kilowatt-hour,2023-09-01,俄亥俄,-0.7792408500011172,1.9644527595884087,-0.550379014882019,1.9053598711366693,-2.4557388860186884
2023-10,OH,Ohio,COM,commercial,3948.52416,11.06,million kilowatt hours,cents per kilowatt-hour,2023-10-01,俄亥俄,10.429892565055198,2.2181146025878062,2.044522037926295,3.191884051542093,-1.147362013615798
2023-11,OH,Ohio,COM,commercial,3661.98462,11.12,million kilowatt hours,cents per kilowatt-hour,2023-11-01,俄亥俄,-0.3467552893787307,4.806786050895373,3.10129880855845,3.429358781729867,-0.32805997317141733
2023-12,OH,Ohio,COM,commercial,3851.26283,10.56,million kilowatt hours,cents per kilowatt-hour,2023-12-01,俄亥俄,-1.3531068460464701,4.142011834319526,2.9100101432099987,2.0911483637636876,0.8188617794463111
2024-01,OH,Ohio,COM,commercial,4192.15613,10.5,million kilowatt hours,cents per kilowatt-hour,2024-01-01,俄亥俄,11.914277550232711,0.2865329512893977,3.40480513826917,1.8057993898946245,1.5990057483745455
2024-02,OH,Ohio,COM,commercial,3809.96595,11.14,million kilowatt hours,cents per kilowatt-hour,2024-02-01,俄亥俄,9.871781743482178,4.995287464656006,6.810984149222807,2.550600522276447,4.26038362694636
2024-03,OH,Ohio,COM,commercial,3870.37585,11.2,million kilowatt hours,cents per kilowatt-hour,2024-03-01,俄亥俄,-0.2829049659031635,8.108108108108114,7.167718109270575,2.8848944276510564,4.282823681619519
2024-04,OH,Ohio,COM,commercial,3860.41724,10.69,million kilowatt hours,cents per kilowatt-hour,2024-04-01,俄亥俄,12.368988536653337,0.2814258911819856,7.31928843807745,2.8392070963966787,4.480081341680771
2024-05,OH,Ohio,COM,commercial,4341.3801,10.44,million kilowatt hours,cents per kilowatt-hour,2024-05-01,俄亥俄,18.21399536226187,-4.744525547445266,10.100026311004013,2.550436573373856,7.549589737630157
2024-06,OH,Ohio,COM,commercial,4474.49069,10.46,million kilowatt hours,cents per kilowatt-hour,2024-06-01,俄亥俄,12.975432260128205,-4.649042844120322,14.51947205301447,4.92350867104799,9.595963381966481
2024-07,OH,Ohio,COM,commercial,4705.22688,10.51,million kilowatt hours,cents per kilowatt-hour,2024-07-01,俄亥俄,2.7907684953494716,-0.5676442762535538,11.326732039246515,4.131706586365598,7.195025452880917
2024-08,OH,Ohio,COM,commercial,4837.71212,10.54,million kilowatt hours,cents per kilowatt-hour,2024-08-01,俄亥俄,13.717692812599335,-2.4976873265495025,9.827964522692337,3.311698220447871,6.516266302244466
2024-09,OH,Ohio,COM,commercial,4359.59526,10.49,million kilowatt hours,cents per kilowatt-hour,2024-09-01,俄亥俄,11.942809682329191,-3.7614678899082543,9.483756996759332,1.4967233505496,7.987033646209732
2024-10,OH,Ohio,COM,commercial,4149.8756,10.78,million kilowatt hours,cents per kilowatt-hour,2024-10-01,俄亥俄,5.0994101046604845,-2.5316455696202667,10.253304199863004,1.4840247182677473,8.769279481595257
2024-11,OH,Ohio,COM,commercial,4000.5533,10.74,million kilowatt hours,cents per kilowatt-hour,2024-11-01,俄亥俄,9.245497049629869,-3.4172661870503496,8.762572278873181,1.6527730649773453,7.109799213895836
2024-12,OH,Ohio,COM,commercial,4211.86089,10.62,million kilowatt hours,cents per kilowatt-hour,2024-12-01,俄亥俄,9.363112202861522,0.5681818181818121,7.902673119050625,3.153681698134369,4.748991420916257
2025-01,OH,Ohio,COM,commercial,4517.33872,10.65,million kilowatt hours,cents per kilowatt-hour,2025-01-01,俄亥俄,7.756929367990861,1.4285714285714235,8.788512873494083,4.146599641709832,4.641913231784251
2025-02,OH,Ohio,COM,commercial,4228.33166,11.15,million kilowatt hours,cents per kilowatt-hour,2025-02-01,俄亥俄,10.98082543231127,0.08976660682225024,9.366955667721218,4.734019182382432,4.632936485338786
2025-03,OH,Ohio,COM,commercial,4255.48992,11.21,million kilowatt hours,cents per kilowatt-hour,2025-03-01,俄亥俄,9.950301596678269,0.08928571428572507,9.562685465660133,3.9592183726209504,5.603467093039182
2025-04,OH,Ohio,COM,commercial,4212.78951,11.0,million kilowatt hours,cents per kilowatt-hour,2025-04-01,俄亥俄,9.127828628182154,2.8999064546304965,10.019651885723897,3.2668359200392083,6.75281596568469
2025-05,OH,Ohio,COM,commercial,4575.42703,11.09,million kilowatt hours,cents per kilowatt-hour,2025-05-01,俄亥俄,5.391072069455505,6.22605363984674,8.156400764771975,2.558421089520579,5.597979675251397
2025-06,OH,Ohio,COM,commercial,5022.96248,11.33,million kilowatt hours,cents per kilowatt-hour,2025-06-01,俄亥俄,12.257747931530517,8.317399617590816,8.925549543056059,2.3350300039433574,6.590519539112702
2025-07,OH,Ohio,COM,commercial,5613.66001,11.5,million kilowatt hours,cents per kilowatt-hour,2025-07-01,俄亥俄,19.306893231044352,9.419600380589909,12.318571077343458,2.4251379631788246,9.893433114164633
2025-08,OH,Ohio,COM,commercial,5546.28438,11.45,million kilowatt hours,cents per kilowatt-hour,2025-08-01,俄亥俄,14.646846327846387,8.633776091081602,15.403829163473752,2.2236463599597003,13.180182803514052
2025-09,OH,Ohio,COM,commercial,4931.49936,12.0,million kilowatt hours,cents per kilowatt-hour,2025-09-01,俄亥俄,13.11828428770243,14.394661582459477,15.690674615531057,2.201984932033148,13.48868968349791
2025-10,OH,Ohio,COM,commercial,4958.78867,12.47,million kilowatt hours,cents per kilowatt-hour,2025-10-01,俄亥俄,19.492465509086564,15.677179962894261,15.752532041545129,2.095111152258237,13.657420889286891
2025-11,OH,Ohio,COM,commercial,4649.9167,12.91,million kilowatt hours,cents per kilowatt-hour,2025-11-01,俄亥俄,16.231839730769227,20.20484171322161,16.28086317585274,2.5207470536553918,13.76011612219735
2025-12,OH,Ohio,COM,commercial,5243.27412,12.25,million kilowatt hours,cents per kilowatt-hour,2025-12-01,俄亥俄,24.488302366510496,15.348399246704346,20.070869202122097,3.3824773939724158,16.68839180814968
2026-01,OH,Ohio,COM,commercial,5477.33239,13.12,million kilowatt hours,cents per kilowatt-hour,2026-01-01,俄亥俄,21.251310329016015,23.192488262910782,20.657150808765245,2.7878460299787537,17.869304778786493
2026-02,OH,Ohio,COM,commercial,4749.18004,14.3,million kilowatt hours,cents per kilowatt-hour,2026-02-01,俄亥俄,12.318058796740662,28.251121076233176,19.35255716408906,2.708076019731538,16.64448114435752
2026-03,OH,Ohio,COM,commercial,5108.42626,14.03,million kilowatt hours,cents per kilowatt-hour,2026-03-01,俄亥俄,20.04319963234691,25.156110615521833,17.870856252701195,2.693473422132012,15.177382830569183
2026-04,OH,Ohio,COM,commercial,4946.69281,13.65,million kilowatt hours,cents per kilowatt-hour,2026-04-01,俄亥俄,17.420839523501375,24.090909090909097,16.59403265086298,3.965376629458639,12.628656021404343
2026-05,OH,Ohio,COM,commercial,5188.7054,13.89,million kilowatt hours,cents per kilowatt-hour,2026-05-01,俄亥俄,13.403740590307267,25.247971145175853,16.955926582051852,4.372796893186673,12.583129688865178
2026-06,OH,Ohio,COM,commercial,5587.71625,13.77,million kilowatt hours,cents per kilowatt-hour,2026-06-01,俄亥俄,11.243439947017087,21.535745807590455,14.022673353608576,3.9839622318365975,10.038711121771978
2018-01,OR,Oregon,COM,commercial,1325.94751,8.92,million kilowatt hours,cents per kilowatt-hour,2018-01-01,奧勒岡,,,,,
2018-02,OR,Oregon,COM,commercial,1381.49719,8.78,million kilowatt hours,cents per kilowatt-hour,2018-02-01,奧勒岡,,,,,
2018-03,OR,Oregon,COM,commercial,1306.22273,9.01,million kilowatt hours,cents per kilowatt-hour,2018-03-01,奧勒岡,,,,,
2018-04,OR,Oregon,COM,commercial,1318.8661,9.09,million kilowatt hours,cents per kilowatt-hour,2018-04-01,奧勒岡,,,,,
2018-05,OR,Oregon,COM,commercial,1259.20403,9.03,million kilowatt hours,cents per kilowatt-hour,2018-05-01,奧勒岡,,,,,
2018-06,OR,Oregon,COM,commercial,1400.93157,9.2,million kilowatt hours,cents per kilowatt-hour,2018-06-01,奧勒岡,,,,,
2018-07,OR,Oregon,COM,commercial,1530.49864,9.39,million kilowatt hours,cents per kilowatt-hour,2018-07-01,奧勒岡,,,,,
2018-08,OR,Oregon,COM,commercial,1497.67846,9.43,million kilowatt hours,cents per kilowatt-hour,2018-08-01,奧勒岡,,,,,
2018-09,OR,Oregon,COM,commercial,1335.1355,6.89,million kilowatt hours,cents per kilowatt-hour,2018-09-01,奧勒岡,,,,,
2018-10,OR,Oregon,COM,commercial,1402.22883,9.02,million kilowatt hours,cents per kilowatt-hour,2018-10-01,奧勒岡,,,,,
2018-11,OR,Oregon,COM,commercial,1311.51754,9.15,million kilowatt hours,cents per kilowatt-hour,2018-11-01,奧勒岡,,,,,
2018-12,OR,Oregon,COM,commercial,1400.29891,8.9,million kilowatt hours,cents per kilowatt-hour,2018-12-01,奧勒岡,,,,,
2019-01,OR,Oregon,COM,commercial,1387.31469,8.69,million kilowatt hours,cents per kilowatt-hour,2019-01-01,奧勒岡,4.628175665867795,-2.578475336322872,,,
2019-02,OR,Oregon,COM,commercial,1398.3923,9.02,million kilowatt hours,cents per kilowatt-hour,2019-02-01,奧勒岡,1.222956522987939,2.733485193621865,,,
2019-03,OR,Oregon,COM,commercial,1352.06696,8.98,million kilowatt hours,cents per kilowatt-hour,2019-03-01,奧勒岡,3.509679394416909,-0.33296337402884957,3.1202705277575475,-1.2417357311268769,4.362006258884424
2019-04,OR,Oregon,COM,commercial,1296.79014,9.02,million kilowatt hours,cents per kilowatt-hour,2019-04-01,奧勒岡,-1.6738590824345145,-0.7700770077007757,1.0195922783234446,-0.6825394209231117,1.7021316992465563
2019-05,OR,Oregon,COM,commercial,1337.57779,8.94,million kilowatt hours,cents per kilowatt-hour,2019-05-01,奧勒岡,6.224071566861156,-0.9966777408637828,2.686630626281184,-1.0645942326246087,3.7512248589057924
2019-06,OR,Oregon,COM,commercial,1326.33107,8.71,million kilowatt hours,cents per kilowatt-hour,2019-06-01,奧勒岡,-5.32506380736355,-5.326086956521725,-0.25828377431230304,-2.57912285238312,2.320839078070817
2019-07,OR,Oregon,COM,commercial,1428.49715,8.85,million kilowatt hours,cents per kilowatt-hour,2019-07-01,奧勒岡,-6.6645920051258685,-5.7507987220447365,-1.921861415209421,-2.4379529216613096,0.5160915064518885
2019-08,OR,Oregon,COM,commercial,1471.1564,8.69,million kilowatt hours,cents per kilowatt-hour,2019-08-01,奧勒岡,-1.7708781095776782,-7.847295864262993,-4.586844640689033,-2.862938114968102,-1.7239065257209307
2019-09,OR,Oregon,COM,commercial,1339.00449,8.75,million kilowatt hours,cents per kilowatt-hour,2019-09-01,奧勒岡,0.2897825726302594,26.995645863570395,-2.7152291806910953,-1.1440201695506935,-1.5712090111404018
2019-10,OR,Oregon,COM,commercial,1359.2597,8.96,million kilowatt hours,cents per kilowatt-hour,2019-10-01,奧勒岡,-3.0643450684151086,-0.6651884700665023,-1.5151468684541758,-1.2373106513100642,-0.27783621714411155
2019-11,OR,Oregon,COM,commercial,1346.28375,8.88,million kilowatt hours,cents per kilowatt-hour,2019-11-01,奧勒岡,2.650838356305929,-2.950819672131144,-0.04124137982630671,-0.9112295756777895,0.8699881958514828
2019-12,OR,Oregon,COM,commercial,1380.30057,8.71,million kilowatt hours,cents per kilowatt-hour,2019-12-01,奧勒岡,-1.4281479373571604,-2.134831460674147,-0.6138848831554466,-0.9171947009055218,0.30330981775007515
2020-01,OR,Oregon,COM,commercial,1407.3921,8.78,million kilowatt hours,cents per kilowatt-hour,2020-01-01,奧勒岡,1.4472138257254352,1.0356731875719172,0.889968081558068,-1.3341577802286995,2.224125861786767
2020-02,OR,Oregon,COM,commercial,1384.88367,8.9,million kilowatt hours,cents per kilowatt-hour,2020-02-01,奧勒岡,-0.9660114690276833,-1.3303769401330268,-0.3156485268864695,-0.34545296149585897,0.029804434609389474
2020-03,OR,Oregon,COM,commercial,1337.66581,9.0,million kilowatt hours,cents per kilowatt-hour,2020-03-01,奧勒岡,-1.0651210647141474,0.22271714922048602,-0.19463956933879847,-1.3881592124780393,1.1935196431392407
2020-04,OR,Oregon,COM,commercial,1136.42753,9.15,million kilowatt hours,cents per kilowatt-hour,2020-04-01,奧勒岡,-12.366118854049901,1.4412416851441234,-4.799083795930577,-4.325605258625953,-0.47347853730462397
2020-05,OR,Oregon,COM,commercial,1166.91404,9.39,million kilowatt hours,cents per kilowatt-hour,2020-05-01,奧勒岡,-12.75916445951154,5.033557046979875,-8.730134792758529,-9.700292234919402,0.9701574421608736
2020-06,OR,Oregon,COM,commercial,1201.8045,8.97,million kilowatt hours,cents per kilowatt-hour,2020-06-01,奧勒岡,-9.388799886894006,2.985074626865658,-11.504694400151815,-10.430432061948995,-1.0742623382028196
2020-07,OR,Oregon,COM,commercial,1402.68151,9.02,million kilowatt hours,cents per kilowatt-hour,2020-07-01,奧勒岡,-1.8071887647798324,1.9209039548022666,-7.985051037061793,-7.816711573958635,-0.16833946310315806
2020-08,OR,Oregon,COM,commercial,1408.46912,8.91,million kilowatt hours,cents per kilowatt-hour,2020-08-01,奧勒岡,-4.261088759835463,2.5316455696202667,-5.152359137169767,-4.717828814728686,-0.4345303224410806
2020-09,OR,Oregon,COM,commercial,1293.33578,8.88,million kilowatt hours,cents per kilowatt-hour,2020-09-01,奧勒岡,-3.4106465169508104,1.4857142857142902,-3.159641347188702,-5.359998420071847,2.2003570728831447
2020-10,OR,Oregon,COM,commercial,1301.25378,9.1,million kilowatt hours,cents per kilowatt-hour,2020-10-01,奧勒岡,-4.267464120359055,1.5624999999999778,-3.979733132381776,-6.357942184431664,2.378209052049888
2020-11,OR,Oregon,COM,commercial,1309.28991,9.04,million kilowatt hours,cents per kilowatt-hour,2020-11-01,奧勒岡,-2.7478486611756336,1.8018018018017834,-3.475319766161833,-5.992677109327601,2.517357343165768
2020-12,OR,Oregon,COM,commercial,1398.79624,8.98,million kilowatt hours,cents per kilowatt-hour,2020-12-01,奧勒岡,1.3399740898462298,3.0998851894374235,-1.8917795638961528,-4.364275649008198,2.472496085112046
2021-01,OR,Oregon,COM,commercial,1373.86464,8.98,million kilowatt hours,cents per kilowatt-hour,2021-01-01,奧勒岡,-2.382240173154304,2.277904328018243,-1.2633715814945694,-4.0010829930496286,2.7377114115550594
2021-02,OR,Oregon,COM,commercial,1279.45019,8.85,million kilowatt hours,cents per kilowatt-hour,2021-02-01,奧勒岡,-7.613165082667194,-0.5617977528090012,-2.8851437219917564,-3.9063708941739423,1.021227172182186
2021-03,OR,Oregon,COM,commercial,1369.32605,9.06,million kilowatt hours,cents per kilowatt-hour,2021-03-01,奧勒岡,2.3668273318580235,0.6666666666666821,-2.542859307987825,-3.5154540180717135,0.9725947100838885
2021-04,OR,Oregon,COM,commercial,1281.28794,9.12,million kilowatt hours,cents per kilowatt-hour,2021-04-01,奧勒岡,12.746999362115075,-0.3278688524590234,2.5002205371019675,0.7655830195937744,1.734637517508193
2021-05,OR,Oregon,COM,commercial,1321.92006,9.24,million kilowatt hours,cents per kilowatt-hour,2021-05-01,奧勒岡,13.283413746568673,-1.5974440894568676,9.465746813513924,5.953664821556359,3.512081991957565
2021-06,OR,Oregon,COM,commercial,1425.33184,9.04,million kilowatt hours,cents per kilowatt-hour,2021-06-01,奧勒岡,18.599309621490036,0.7803790412485911,14.87657424339126,9.225626273878907,5.6509479695123535
2021-07,OR,Oregon,COM,commercial,1482.64532,9.12,million kilowatt hours,cents per kilowatt-hour,2021-07-01,奧勒岡,5.7007816407304235,1.1086474501108556,12.527835002929711,6.7540384826568465,5.773796520272865
2021-08,OR,Oregon,COM,commercial,1488.93588,9.15,million kilowatt hours,cents per kilowatt-hour,2021-08-01,奧勒岡,5.713065260529104,2.6936026936027035,10.004385507583189,5.25524819230206,4.7491373152811285
2021-09,OR,Oregon,COM,commercial,1340.68791,9.16,million kilowatt hours,cents per kilowatt-hour,2021-09-01,奧勒岡,3.6612402387877996,3.153153153153143,5.025029046682442,4.076386522084825,0.9486425245976164
2021-10,OR,Oregon,COM,commercial,1301.54767,9.32,million kilowatt hours,cents per kilowatt-hour,2021-10-01,奧勒岡,0.02258514092461361,2.417582417582431,3.1322968800805064,5.041265214424606,-1.9089683343440997
2021-11,OR,Oregon,COM,commercial,1336.17678,9.17,million kilowatt hours,cents per kilowatt-hour,2021-11-01,奧勒岡,2.0535459560671265,1.4380530973451489,1.9124571119265132,4.769547974197819,-2.8570908622713054
2021-12,OR,Oregon,COM,commercial,1507.58073,9.05,million kilowatt hours,cents per kilowatt-hour,2021-12-01,奧勒岡,7.777007607626962,0.7795100222717233,3.284379568206234,3.4059493392615416,-0.12156977105530764
2022-01,OR,Oregon,COM,commercial,1447.49024,9.36,million kilowatt hours,cents per kilowatt-hour,2022-01-01,奧勒岡,5.359014116558103,4.231625835189301,5.063189226750731,5.149995910401921,-0.08680668365119004
2022-02,OR,Oregon,COM,commercial,1221.54581,9.27,million kilowatt hours,cents per kilowatt-hour,2022-02-01,奧勒岡,-4.525723662599168,4.745762711864399,2.8700993538619657,4.835213760099456,-1.9651144062374901
2022-03,OR,Oregon,COM,commercial,1322.94399,9.3,million kilowatt hours,cents per kilowatt-hour,2022-03-01,奧勒岡,-3.3872181136114343,2.6490066225165476,-0.8513092198841664,6.35561710755607,-7.206926327440237
2022-04,OR,Oregon,COM,commercial,1325.8351,9.35,million kilowatt hours,cents per kilowatt-hour,2022-04-01,奧勒岡,3.476748559734366,2.5219298245614086,-1.4787310721587452,5.423862448154774,-6.90259352031352
2022-05,OR,Oregon,COM,commercial,1312.10143,9.47,million kilowatt hours,cents per kilowatt-hour,2022-05-01,奧勒岡,-0.7427552010974114,2.4891774891774965,-0.21774158499149335,6.469565002645993,-6.687306587637487
2022-06,OR,Oregon,COM,commercial,1310.92526,9.34,million kilowatt hours,cents per kilowatt-hour,2022-06-01,奧勒岡,-8.02666275945958,3.31858407079646,-1.7642231336075416,5.318335181741081,-7.0825583153486225
2022-07,OR,Oregon,COM,commercial,1513.61379,9.22,million kilowatt hours,cents per kilowatt-hour,2022-07-01,奧勒岡,2.0887308368531476,1.0964912280701844,-2.226895707901281,4.934224171123717,-7.161119879024998
2022-08,OR,Oregon,COM,commercial,1549.93415,9.21,million kilowatt hours,cents per kilowatt-hour,2022-08-01,奧勒岡,4.0967694324083315,0.6557377049180468,-0.6137208300660335,3.453860149119,-4.067580979185033
2022-09,OR,Oregon,COM,commercial,1378.59088,9.33,million kilowatt hours,cents per kilowatt-hour,2022-09-01,奧勒岡,2.8271285000250224,1.8558951965065518,3.004209589762167,4.20840331693136,-1.204193727169193
2022-10,OR,Oregon,COM,commercial,1366.96831,9.52,million kilowatt hours,cents per kilowatt-hour,2022-10-01,奧勒岡,5.026372948752633,2.145922746781115,3.9834236270619954,2.501781581396245,1.4816420456657502
2022-11,OR,Oregon,COM,commercial,1437.73381,9.3,million kilowatt hours,cents per kilowatt-hour,2022-11-01,奧勒岡,7.600568391856055,1.4176663031624903,5.1513566135445705,2.420679928172239,2.7306766853723317
2022-12,OR,Oregon,COM,commercial,1466.89323,9.59,million kilowatt hours,cents per kilowatt-hour,2022-12-01,奧勒岡,-2.698860445105322,5.966850828729275,3.3093602985011223,3.2822377255522284,0.027122572948893975
2023-01,OR,Oregon,COM,commercial,1997.28442,9.8,million kilowatt hours,cents per kilowatt-hour,2023-01-01,奧勒岡,37.98258287392666,4.700854700854706,14.294763606892465,3.160331967566569,11.134431639325896
2023-02,OR,Oregon,COM,commercial,1812.40139,9.91,million kilowatt hours,cents per kilowatt-hour,2023-02-01,奧勒岡,48.36949831623587,6.903991370010787,27.88440691501907,2.329167081376249,25.555239833642823
2023-03,OR,Oregon,COM,commercial,1957.80817,9.91,million kilowatt hours,cents per kilowatt-hour,2023-03-01,奧勒岡,47.98874213866,6.559139784946222,44.78027444294084,1.2489768974882336,43.53129754545261
2023-04,OR,Oregon,COM,commercial,1821.95426,10.03,million kilowatt hours,cents per kilowatt-hour,2023-04-01,奧勒岡,37.41937138336433,7.272727272727275,44.59253727942007,1.3367652394884761,43.25577203993159
2023-05,OR,Oregon,COM,commercial,1858.27953,9.91,million kilowatt hours,cents per kilowatt-hour,2023-05-01,奧勒岡,41.62621025418745,4.64625131995775,42.34477459207059,1.1579487088968794,41.18682588317371
2023-06,OR,Oregon,COM,commercial,1876.48818,9.89,million kilowatt hours,cents per kilowatt-hour,2023-06-01,奧勒岡,43.14227036864025,5.8886509635974305,40.729284002064006,-0.31795700806442156,41.047241010128424
2023-07,OR,Oregon,COM,commercial,2045.76262,9.91,million kilowatt hours,cents per kilowatt-hour,2023-07-01,奧勒岡,35.15750408167197,7.483731019522777,39.97532823483322,0.44130071906749446,39.53402751576573
2023-08,OR,Oregon,COM,commercial,2105.39561,9.91,million kilowatt hours,cents per kilowatt-hour,2023-08-01,奧勒岡,35.83774575197276,7.600434310532012,38.04584006742832,1.0385248373614357,37.00731523006689
2023-09,OR,Oregon,COM,commercial,1860.8541,10.14,million kilowatt hours,cents per kilowatt-hour,2023-09-01,奧勒岡,34.98233065345681,8.681672025723476,35.325860162367185,1.9053598711366693,33.42050029123052
2023-10,OR,Oregon,COM,commercial,1897.98317,9.91,million kilowatt hours,cents per kilowatt-hour,2023-10-01,奧勒岡,38.846171935031904,4.0966386554621925,36.55541611348716,3.191884051542093,33.363532061945065
2023-11,OR,Oregon,COM,commercial,1869.22712,10.1,million kilowatt hours,cents per kilowatt-hour,2023-11-01,奧勒岡,30.012044440966456,8.602150537634401,34.61351567648506,3.429358781729867,31.18415689475519
2023-12,OR,Oregon,COM,commercial,1980.69845,9.69,million kilowatt hours,cents per kilowatt-hour,2023-12-01,奧勒岡,35.02676333164345,1.0427528675703845,34.62832656921393,2.0911483637636876,32.537178205450246
2024-01,OR,Oregon,COM,commercial,2163.54823,9.89,million kilowatt hours,cents per kilowatt-hour,2024-01-01,奧勒岡,8.324493413912482,0.9183673469387754,24.454433728840797,1.8057993898946245,22.648634338946174
2024-02,OR,Oregon,COM,commercial,1965.53528,10.16,million kilowatt hours,cents per kilowatt-hour,2024-02-01,奧勒岡,8.449226029339997,2.5227043390514625,17.266827591631976,2.550600522276447,14.71622706935553
2024-03,OR,Oregon,COM,commercial,1999.25757,10.26,million kilowatt hours,cents per kilowatt-hour,2024-03-01,奧勒岡,2.117132854747461,3.5317860746720386,6.29695076599998,2.8848944276510564,3.4120563383489233
2024-04,OR,Oregon,COM,commercial,1926.73943,10.16,million kilowatt hours,cents per kilowatt-hour,2024-04-01,奧勒岡,5.751251406278457,1.2961116650049842,5.439203430121971,2.8392070963966787,2.5999963337252923
2024-05,OR,Oregon,COM,commercial,1962.88263,10.18,million kilowatt hours,cents per kilowatt-hour,2024-05-01,奧勒岡,5.629029341995717,2.724520686175569,4.499137867673878,2.550436573373856,1.948701294300022
2024-06,OR,Oregon,COM,commercial,1978.05016,10.2,million kilowatt hours,cents per kilowatt-hour,2024-06-01,奧勒岡,5.412343178202161,3.134479271991908,5.597541308825446,4.92350867104799,0.6740326377774561
2024-07,OR,Oregon,COM,commercial,2219.99422,10.18,million kilowatt hours,cents per kilowatt-hour,2024-07-01,奧勒岡,8.516706596193458,2.724520686175569,6.519359705463779,4.131706586365598,2.3876531190981805
2024-08,OR,Oregon,COM,commercial,2207.28304,10.1,million kilowatt hours,cents per kilowatt-hour,2024-08-01,奧勒岡,4.8393484586015445,1.917255297679099,6.256132744332388,3.311698220447871,2.944434523884517
2024-09,OR,Oregon,COM,commercial,2039.97027,10.11,million kilowatt hours,cents per kilowatt-hour,2024-09-01,奧勒岡,9.625481653827661,-0.2958579881656931,7.660512236207555,1.4967233505496,6.163788885657954
2024-10,OR,Oregon,COM,commercial,2028.10549,10.16,million kilowatt hours,cents per kilowatt-hour,2024-10-01,奧勒岡,6.855820539230595,2.5227043390514625,7.106883550553267,1.4840247182677473,5.6228588322855195
2024-11,OR,Oregon,COM,commercial,2014.34541,10.08,million kilowatt hours,cents per kilowatt-hour,2024-11-01,奧勒岡,7.763545074180178,-0.1980198019801982,8.081615755746144,1.6527730649773453,6.428842690768799
2024-12,OR,Oregon,COM,commercial,2156.73226,9.92,million kilowatt hours,cents per kilowatt-hour,2024-12-01,奧勒岡,8.887461390198004,2.373581011351922,7.835609001202926,3.153681698134369,4.681927303068557
2025-01,OR,Oregon,COM,commercial,2273.85259,10.23,million kilowatt hours,cents per kilowatt-hour,2025-01-01,奧勒岡,5.098308346932479,3.4378159757330717,7.2497716037702205,4.146599641709832,3.1031719620603884
2025-02,OR,Oregon,COM,commercial,2083.45837,10.58,million kilowatt hours,cents per kilowatt-hour,2025-02-01,奧勒岡,5.999540745969201,4.133858267716528,6.661770161033227,4.734019182382432,1.9277509786507956
2025-03,OR,Oregon,COM,commercial,2084.97382,10.7,million kilowatt hours,cents per kilowatt-hour,2025-03-01,奧勒岡,4.2874040486939435,4.288499025341119,5.128417713865208,3.9592183726209504,1.1691993412442572
2025-04,OR,Oregon,COM,commercial,1951.49359,10.67,million kilowatt hours,cents per kilowatt-hour,2025-04-01,奧勒岡,1.284769471915559,5.01968503937007,3.8572380888595674,3.2668359200392083,0.5904021688203591
2025-05,OR,Oregon,COM,commercial,2045.91158,10.51,million kilowatt hours,cents per kilowatt-hour,2025-05-01,奧勒岡,4.229949806015654,3.241650294695475,3.2673744422083857,2.558421089520579,0.7089533526878067
2025-06,OR,Oregon,COM,commercial,2059.08251,10.89,million kilowatt hours,cents per kilowatt-hour,2025-06-01,奧勒岡,4.096577106012322,6.7647058823529616,3.203765461314512,2.3350300039433574,0.8687354573711548
2025-07,OR,Oregon,COM,commercial,2255.83974,10.59,million kilowatt hours,cents per kilowatt-hour,2025-07-01,奧勒岡,1.6146672670165785,4.027504911591362,3.3137313930148515,2.4251379631788246,0.888593429836027
2025-08,OR,Oregon,COM,commercial,2298.16338,10.62,million kilowatt hours,cents per kilowatt-hour,2025-08-01,奧勒岡,4.117294354782897,5.148514851485153,3.2761795759372654,2.2236463599597003,1.052533215977565
2025-09,OR,Oregon,COM,commercial,2164.04495,10.62,million kilowatt hours,cents per kilowatt-hour,2025-09-01,奧勒岡,6.082180795703462,5.044510385756684,3.9380474725009793,2.201984932033148,1.7360625404678314
2025-10,OR,Oregon,COM,commercial,2067.73613,10.55,million kilowatt hours,cents per kilowatt-hour,2025-10-01,奧勒岡,1.9540719255190186,3.8385826771653697,4.051182358668459,2.095111152258237,1.9560712064102224
2025-11,OR,Oregon,COM,commercial,2017.2957,10.48,million kilowatt hours,cents per kilowatt-hour,2025-11-01,奧勒岡,0.14646395724158268,3.9682539682539764,2.727572226154688,2.5207470536553918,0.20682517249929644
2025-12,OR,Oregon,COM,commercial,2222.09351,10.31,million kilowatt hours,cents per kilowatt-hour,2025-12-01,奧勒岡,3.0305685695080076,3.931451612903225,1.710368150756203,3.3824773939724158,-1.6721092432162128
2026-01,OR,Oregon,COM,commercial,2288.52725,10.28,million kilowatt hours,cents per kilowatt-hour,2026-01-01,奧勒岡,0.6453654939874598,0.4887585532746819,1.2741326735790166,2.7878460299787537,-1.5137133563997371
2026-02,OR,Oregon,COM,commercial,2079.97568,10.68,million kilowatt hours,cents per kilowatt-hour,2026-02-01,奧勒岡,-0.167159087512736,0.9451795841209698,1.1695916586609105,2.708076019731538,-1.5384843610706274
2026-03,OR,Oregon,COM,commercial,2154.33553,10.63,million kilowatt hours,cents per kilowatt-hour,2026-03-01,奧勒岡,3.326742491183876,-0.6542056074766212,1.2683162992195334,2.693473422132012,-1.4251571229124786
2026-04,OR,Oregon,COM,commercial,2079.7978,10.62,million kilowatt hours,cents per kilowatt-hour,2026-04-01,奧勒岡,6.574667252686184,-0.46860356138707093,3.2447502187857746,3.965376629458639,-0.7206264106728644
2026-05,OR,Oregon,COM,commercial,2155.82323,10.61,million kilowatt hours,cents per kilowatt-hour,2026-05-01,奧勒岡,5.372258071876201,0.9514747859181716,5.0912226052487535,4.372796893186673,0.7184257120620803
2026-06,OR,Oregon,COM,commercial,2216.04629,10.59,million kilowatt hours,cents per kilowatt-hour,2026-06-01,奧勒岡,7.622996127532544,-2.754820936639124,6.523307150698311,3.9839622318365975,2.539344918861713
2018-01,TX,Texas,COM,commercial,12045.17047,8.15,million kilowatt hours,cents per kilowatt-hour,2018-01-01,德州,,,,,
2018-02,TX,Texas,COM,commercial,9931.43114,8.55,million kilowatt hours,cents per kilowatt-hour,2018-02-01,德州,,,,,
2018-03,TX,Texas,COM,commercial,10421.21202,8.36,million kilowatt hours,cents per kilowatt-hour,2018-03-01,德州,,,,,
2018-04,TX,Texas,COM,commercial,10373.91424,8.2,million kilowatt hours,cents per kilowatt-hour,2018-04-01,德州,,,,,
2018-05,TX,Texas,COM,commercial,11662.68107,8.2,million kilowatt hours,cents per kilowatt-hour,2018-05-01,德州,,,,,
2018-06,TX,Texas,COM,commercial,13489.63179,8.21,million kilowatt hours,cents per kilowatt-hour,2018-06-01,德州,,,,,
2018-07,TX,Texas,COM,commercial,14138.07888,8.08,million kilowatt hours,cents per kilowatt-hour,2018-07-01,德州,,,,,
2018-08,TX,Texas,COM,commercial,14497.01479,8.24,million kilowatt hours,cents per kilowatt-hour,2018-08-01,德州,,,,,
2018-09,TX,Texas,COM,commercial,13169.67426,8.03,million kilowatt hours,cents per kilowatt-hour,2018-09-01,德州,,,,,
2018-10,TX,Texas,COM,commercial,12727.7875,8.0,million kilowatt hours,cents per kilowatt-hour,2018-10-01,德州,,,,,
2018-11,TX,Texas,COM,commercial,10361.73363,8.27,million kilowatt hours,cents per kilowatt-hour,2018-11-01,德州,,,,,
2018-12,TX,Texas,COM,commercial,10706.3012,7.74,million kilowatt hours,cents per kilowatt-hour,2018-12-01,德州,,,,,
2019-01,TX,Texas,COM,commercial,10907.37563,7.93,million kilowatt hours,cents per kilowatt-hour,2019-01-01,德州,-9.446066727190116,-2.6993865030674913,,,
2019-02,TX,Texas,COM,commercial,10057.6609,8.03,million kilowatt hours,cents per kilowatt-hour,2019-02-01,德州,1.2710127898042378,-6.0818713450292545,,,
2019-03,TX,Texas,COM,commercial,10368.02766,8.07,million kilowatt hours,cents per kilowatt-hour,2019-03-01,德州,-0.5103471640144353,-3.468899521531088,-2.8951337004667708,-1.2417357311268769,-1.653397969339894
2019-04,TX,Texas,COM,commercial,10144.25536,8.09,million kilowatt hours,cents per kilowatt-hour,2019-04-01,德州,-2.213811245079278,-1.3414634146341364,-0.4843818730964918,-0.6825394209231117,0.19815754782661993
2019-05,TX,Texas,COM,commercial,11582.9142,7.85,million kilowatt hours,cents per kilowatt-hour,2019-05-01,德州,-0.6839496812202639,-4.2682926829268215,-1.136036030104659,-1.0645942326246087,-0.0714417974800503
2019-06,TX,Texas,COM,commercial,12449.88557,7.88,million kilowatt hours,cents per kilowatt-hour,2019-06-01,德州,-7.707743518772492,-4.0194884287454435,-3.5351681483573447,-2.57912285238312,-0.9560452959742247
2019-07,TX,Texas,COM,commercial,13917.90903,7.82,million kilowatt hours,cents per kilowatt-hour,2019-07-01,德州,-1.5572826539499318,-3.2178217821782207,-3.316325284647563,-2.4379529216613096,-0.8783723629862532
2019-08,TX,Texas,COM,commercial,14404.22397,8.33,million kilowatt hours,cents per kilowatt-hour,2019-08-01,德州,-0.6400684647435595,1.0922330097087318,-3.3016982124886614,-2.862938114968102,-0.43876009752055944
2019-09,TX,Texas,COM,commercial,13842.17233,8.42,million kilowatt hours,cents per kilowatt-hour,2019-09-01,德州,5.106413846867608,4.856787048567868,0.969687576058039,-1.1440201695506935,2.1137077456087328
2019-10,TX,Texas,COM,commercial,13424.50145,8.06,million kilowatt hours,cents per kilowatt-hour,2019-10-01,德州,5.473959633596959,0.7500000000000062,3.313435005240336,-1.2373106513100642,4.5507456565504
2019-11,TX,Texas,COM,commercial,10296.98351,8.14,million kilowatt hours,cents per kilowatt-hour,2019-11-01,德州,-0.6248965888539293,-1.5719467956469058,3.318492297203546,-0.9112295756777895,4.229721872881336
2019-12,TX,Texas,COM,commercial,10605.61439,7.98,million kilowatt hours,cents per kilowatt-hour,2019-12-01,德州,-0.9404443992291123,3.100775193798455,1.3028728818379725,-0.9171947009055218,2.220067582743494
2020-01,TX,Texas,COM,commercial,11775.56983,7.43,million kilowatt hours,cents per kilowatt-hour,2020-01-01,德州,7.9596983678831945,-6.305170239596469,2.1314524599333846,-1.3341577802286995,3.465610240162084
2020-02,TX,Texas,COM,commercial,10779.72449,7.73,million kilowatt hours,cents per kilowatt-hour,2020-02-01,德州,7.179239757427092,-3.735990037359882,4.732831242027058,-0.34545296149585897,5.078284203522917
2020-03,TX,Texas,COM,commercial,11613.81952,7.71,million kilowatt hours,cents per kilowatt-hour,2020-03-01,德州,12.015707334638792,-4.460966542750933,9.051548486649693,-1.3881592124780393,10.439707699127732
2020-04,TX,Texas,COM,commercial,10597.32889,7.67,million kilowatt hours,cents per kilowatt-hour,2020-04-01,德州,4.466306435724432,-5.191594561186652,7.887084509263438,-4.325605258625953,12.21268976788939
2020-05,TX,Texas,COM,commercial,10664.76582,7.57,million kilowatt hours,cents per kilowatt-hour,2020-05-01,德州,-7.92674765733824,-3.566878980891708,2.8517553710083283,-9.700292234919402,12.552047605927731
2020-06,TX,Texas,COM,commercial,12768.2733,7.56,million kilowatt hours,cents per kilowatt-hour,2020-06-01,德州,2.557354669726508,-4.060913705583758,-0.3010288506291004,-10.430432061948995,10.129403211319895
2020-07,TX,Texas,COM,commercial,14474.28233,7.35,million kilowatt hours,cents per kilowatt-hour,2020-07-01,德州,3.997535109625572,-6.010230179028142,-0.45728595932872046,-7.816711573958635,7.359425614629915
2020-08,TX,Texas,COM,commercial,14074.05357,7.64,million kilowatt hours,cents per kilowatt-hour,2020-08-01,德州,-2.2921776326697785,-8.283313325330132,1.4209040488940998,-4.717828814728686,6.138732863622786
2020-09,TX,Texas,COM,commercial,13291.36044,7.8,million kilowatt hours,cents per kilowatt-hour,2020-09-01,德州,-3.9792301155377907,-7.3634204275534465,-0.7579575461939997,-5.359998420071847,4.602040873877847
2020-10,TX,Texas,COM,commercial,13009.36428,7.47,million kilowatt hours,cents per kilowatt-hour,2020-10-01,德州,-3.092384261316461,-7.320099255583134,-3.121264003174677,-6.357942184431664,3.236678181256987
2020-11,TX,Texas,COM,commercial,10608.96277,7.8,million kilowatt hours,cents per kilowatt-hour,2020-11-01,德州,3.029812174575386,-4.176904176904184,-1.3472674007596224,-5.992677109327601,4.645409708567978
2020-12,TX,Texas,COM,commercial,11510.07173,7.53,million kilowatt hours,cents per kilowatt-hour,2020-12-01,德州,8.528099426779168,-5.6390977443609,2.8218424466793635,-4.364275649008198,7.186118095687561
2021-01,TX,Texas,COM,commercial,11082.04093,7.47,million kilowatt hours,cents per kilowatt-hour,2021-01-01,德州,-5.8895570236706,0.5383580080753791,1.8894515258946505,-4.0010829930496286,5.890534518944279
2021-02,TX,Texas,COM,commercial,9330.11241,13.68,million kilowatt hours,cents per kilowatt-hour,2021-02-01,德州,-13.447580050350627,76.97283311772314,-3.603012549080687,-3.9063708941739423,0.30335834509325554
2021-03,TX,Texas,COM,commercial,10272.99688,10.58,million kilowatt hours,cents per kilowatt-hour,2021-03-01,德州,-11.545061792039956,37.224383916990924,-10.29406628868706,-3.5154540180717135,-6.778612270615348
2021-04,TX,Texas,COM,commercial,11912.11666,10.4,million kilowatt hours,cents per kilowatt-hour,2021-04-01,德州,12.406784611928746,35.593220338983066,-4.195285743487279,0.7655830195937744,-4.960868763081053
2021-05,TX,Texas,COM,commercial,12183.52818,8.46,million kilowatt hours,cents per kilowatt-hour,2021-05-01,德州,14.240934921907167,11.756935270805812,5.034219247265319,5.953664821556359,-0.9194455742910401
2021-06,TX,Texas,COM,commercial,13560.30222,7.52,million kilowatt hours,cents per kilowatt-hour,2021-06-01,德州,6.203101244707843,-0.5291005291005346,10.95027359284792,9.225626273878907,1.7246473189690121
2021-07,TX,Texas,COM,commercial,14321.93145,7.97,million kilowatt hours,cents per kilowatt-hour,2021-07-01,德州,-1.052562583253136,8.435374149659868,6.463824527787291,6.7540384826568465,-0.2902139548695555
2021-08,TX,Texas,COM,commercial,14450.62632,7.98,million kilowatt hours,cents per kilowatt-hour,2021-08-01,德州,2.675652384915561,4.450261780104725,2.6087303487900884,5.25524819230206,-2.646517843511972
2021-09,TX,Texas,COM,commercial,14163.87125,8.09,million kilowatt hours,cents per kilowatt-hour,2021-09-01,德州,6.564495891437883,3.717948717948727,2.7291952310334353,4.076386522084825,-1.3471912910513901
2021-10,TX,Texas,COM,commercial,13272.87318,8.08,million kilowatt hours,cents per kilowatt-hour,2021-10-01,德州,2.0255324882024084,8.165997322623841,3.7552269215186165,5.041265214424606,-1.2860382929059897
2021-11,TX,Texas,COM,commercial,11593.62319,8.37,million kilowatt hours,cents per kilowatt-hour,2021-11-01,德州,9.281401408858002,7.307692307692304,5.957143262832763,4.769547974197819,1.1875952886349443
2021-12,TX,Texas,COM,commercial,11699.20832,7.98,million kilowatt hours,cents per kilowatt-hour,2021-12-01,德州,1.643226857631408,5.976095617529875,4.316720251563939,3.4059493392615416,0.910770912302397
2022-01,TX,Texas,COM,commercial,12057.06411,7.77,million kilowatt hours,cents per kilowatt-hour,2022-01-01,德州,8.798227566192551,4.016064257028118,6.574285277560652,5.149995910401921,1.4242893671587318
2022-02,TX,Texas,COM,commercial,11330.76622,8.27,million kilowatt hours,cents per kilowatt-hour,2022-02-01,德州,21.44297648392426,-39.546783625730995,10.628143635916071,4.835213760099456,5.792929875816616
2022-03,TX,Texas,COM,commercial,12053.22786,8.29,million kilowatt hours,cents per kilowatt-hour,2022-03-01,德州,17.329227301390947,-21.64461247637052,15.856810450502584,6.35561710755607,9.501193342946515
2022-04,TX,Texas,COM,commercial,12070.69824,8.31,million kilowatt hours,cents per kilowatt-hour,2022-04-01,德州,1.3312628185761843,-20.09615384615384,13.367822201297129,5.423862448154774,7.943959753142354
2022-05,TX,Texas,COM,commercial,13363.83712,9.18,million kilowatt hours,cents per kilowatt-hour,2022-05-01,德州,9.687743341354516,8.51063829787233,9.449411153773882,6.469565002645993,2.979846151127889
2022-06,TX,Texas,COM,commercial,14382.43235,9.58,million kilowatt hours,cents per kilowatt-hour,2022-06-01,德州,6.062771438732728,27.393617021276604,5.693925866221142,5.318335181741081,0.37559068448006094
2022-07,TX,Texas,COM,commercial,15374.32895,9.77,million kilowatt hours,cents per kilowatt-hour,2022-07-01,德州,7.348153450350425,22.584692597239652,7.699556076812556,4.934224171123717,2.7653319056888384
2022-08,TX,Texas,COM,commercial,15847.25074,9.94,million kilowatt hours,cents per kilowatt-hour,2022-08-01,德州,9.66480198901165,24.561403508771917,7.691908959364933,3.453860149119,4.2380488102459335
2022-09,TX,Texas,COM,commercial,15228.32993,9.61,million kilowatt hours,cents per kilowatt-hour,2022-09-01,德州,7.515308923752051,18.788627935723113,8.17608812103804,4.20840331693136,3.96768480410668
2022-10,TX,Texas,COM,commercial,13024.34498,9.33,million kilowatt hours,cents per kilowatt-hour,2022-10-01,德州,-1.872452155833837,15.470297029702973,5.1025529189766194,2.501781581396245,2.6007713375803743
2022-11,TX,Texas,COM,commercial,12419.96877,8.85,million kilowatt hours,cents per kilowatt-hour,2022-11-01,德州,7.1275870058702395,5.7347670250896154,4.256814591262817,2.420679928172239,1.836134663090578
2022-12,TX,Texas,COM,commercial,13566.9488,8.86,million kilowatt hours,cents per kilowatt-hour,2022-12-01,德州,15.964674095144238,11.027568922305742,7.073269648393546,3.2822377255522284,3.7910319228413174
2023-01,TX,Texas,COM,commercial,12862.65107,8.86,million kilowatt hours,cents per kilowatt-hour,2023-01-01,德州,6.681452073659089,14.028314028314037,9.92457105822452,3.160331967566569,6.764239090657952
2023-02,TX,Texas,COM,commercial,11589.1184,9.05,million kilowatt hours,cents per kilowatt-hour,2023-02-01,德州,2.2800945230339487,9.431680773881524,8.308740230612424,2.329167081376249,5.979573149236175
2023-03,TX,Texas,COM,commercial,12578.17902,8.71,million kilowatt hours,cents per kilowatt-hour,2023-03-01,德州,4.355274504866102,5.066344993968652,4.438940367186379,1.2489768974882336,3.189963469698145
2023-04,TX,Texas,COM,commercial,12138.22624,8.09,million kilowatt hours,cents per kilowatt-hour,2023-04-01,德州,0.5594373967217958,-2.6474127557160165,2.398268808207281,1.3367652394884761,1.0615035687188048
2023-05,TX,Texas,COM,commercial,13289.1886,8.45,million kilowatt hours,cents per kilowatt-hour,2023-05-01,德州,-0.5585859759416167,-7.9520697167756005,1.452041975215426,1.1579487088968794,0.2940932663185467
2023-06,TX,Texas,COM,commercial,14665.52014,8.68,million kilowatt hours,cents per kilowatt-hour,2023-06-01,德州,1.968288694923026,-9.394572025052195,0.6563800385677339,-0.31795700806442156,0.9743370466321555
2023-07,TX,Texas,COM,commercial,16253.17078,8.85,million kilowatt hours,cents per kilowatt-hour,2023-07-01,德州,5.7162939134328905,-9.41658137154555,2.3753322108047654,0.44130071906749446,1.934031491737271
2023-08,TX,Texas,COM,commercial,16965.02326,9.74,million kilowatt hours,cents per kilowatt-hour,2023-08-01,德州,7.053416004699398,-2.012072434607637,4.91266620435177,1.0385248373614357,3.874141366990334
2023-09,TX,Texas,COM,commercial,15799.91256,9.23,million kilowatt hours,cents per kilowatt-hour,2023-09-01,德州,3.75341638004556,-3.954214360041608,5.507708766059281,1.9053598711366693,3.6023488949226117
2023-10,TX,Texas,COM,commercial,14664.08436,8.82,million kilowatt hours,cents per kilowatt-hour,2023-10-01,德州,12.58980303821775,-5.466237942122188,7.798878474320901,3.191884051542093,4.606994422778808
2023-11,TX,Texas,COM,commercial,12781.96434,8.49,million kilowatt hours,cents per kilowatt-hour,2023-11-01,德州,2.914625444746588,-4.0677966101694825,6.419281621003299,3.429358781729867,2.989922839273432
2023-12,TX,Texas,COM,commercial,12204.79525,8.51,million kilowatt hours,cents per kilowatt-hour,2023-12-01,德州,-10.040235060074831,-3.950338600451464,1.821397807629835,2.0911483637636876,-0.2697505561338527
2024-01,TX,Texas,COM,commercial,12999.50807,8.57,million kilowatt hours,cents per kilowatt-hour,2024-01-01,德州,1.0639875034719415,-3.2731376975169257,-2.0205407039521015,1.8057993898946245,-3.826340093846726
2024-02,TX,Texas,COM,commercial,12252.92491,8.24,million kilowatt hours,cents per kilowatt-hour,2024-02-01,德州,5.727843025574764,-8.950276243093924,-1.0828015103427096,2.550600522276447,-3.6334020326191565
2024-03,TX,Texas,COM,commercial,12414.29946,8.32,million kilowatt hours,cents per kilowatt-hour,2024-03-01,德州,-1.3028878006857925,-4.477611940298509,1.8296475761203033,2.8848944276510564,-1.0552468515307531
2024-04,TX,Texas,COM,commercial,12161.09289,8.32,million kilowatt hours,cents per kilowatt-hour,2024-04-01,德州,0.18838543249957151,2.8430160692212603,1.5377802191295133,2.8392070963966787,-1.3014268772671653
2024-05,TX,Texas,COM,commercial,13744.04441,8.41,million kilowatt hours,cents per kilowatt-hour,2024-05-01,德州,3.422750806621866,-0.4733727810650734,0.7694161461452141,2.550436573373856,-1.7810204272286416
2024-06,TX,Texas,COM,commercial,14278.92156,8.79,million kilowatt hours,cents per kilowatt-hour,2024-06-01,德州,-2.6361054794473815,1.2672811059907696,0.3250102532246844,4.92350867104799,-4.598498417823305
2024-07,TX,Texas,COM,commercial,15344.11272,8.87,million kilowatt hours,cents per kilowatt-hour,2024-07-01,德州,-5.593112090587415,0.2259887005649608,-1.602155587804311,4.131706586365598,-5.733862174169909
2024-08,TX,Texas,COM,commercial,15880.23775,8.87,million kilowatt hours,cents per kilowatt-hour,2024-08-01,德州,-6.39424711286839,-8.932238193018494,-4.874488227634397,3.311698220447871,-8.186186448082267
2024-09,TX,Texas,COM,commercial,15037.47571,8.65,million kilowatt hours,cents per kilowatt-hour,2024-09-01,德州,-4.825576389139208,-6.283856988082337,-5.60431186419834,1.4967233505496,-7.10103521474794
2024-10,TX,Texas,COM,commercial,14580.68761,8.48,million kilowatt hours,cents per kilowatt-hour,2024-10-01,德州,-0.5687143360105451,-3.8548752834467126,-3.929512612672715,1.4840247182677473,-5.413537330940462
2024-11,TX,Texas,COM,commercial,13179.35918,8.4,million kilowatt hours,cents per kilowatt-hour,2024-11-01,德州,3.1090279195693515,-1.0600706713780883,-0.7617542685268014,1.6527730649773453,-2.4145273335041466
2024-12,TX,Texas,COM,commercial,12360.32275,8.52,million kilowatt hours,cents per kilowatt-hour,2024-12-01,德州,1.274314700199497,0.1175088131609936,1.271542761252767,3.153681698134369,-1.8821389368816022
2025-01,TX,Texas,COM,commercial,13423.90748,8.46,million kilowatt hours,cents per kilowatt-hour,2025-01-01,德州,3.264734386214352,-1.2835472578763052,2.5493590019943992,4.146599641709832,-1.5972406397154328
2025-02,TX,Texas,COM,commercial,13212.96334,8.36,million kilowatt hours,cents per kilowatt-hour,2025-02-01,德州,7.835177617194744,1.4563106796116498,4.124742234536197,4.734019182382432,-0.6092769478462348
2025-03,TX,Texas,COM,commercial,12989.33558,8.72,million kilowatt hours,cents per kilowatt-hour,2025-03-01,德州,4.632046470707585,4.807692307692313,5.243986158038893,3.9592183726209504,1.2847677854179422
2025-04,TX,Texas,COM,commercial,13179.44992,8.66,million kilowatt hours,cents per kilowatt-hour,2025-04-01,德州,8.373894017678207,4.086538461538458,6.947039368526845,3.2668359200392083,3.6802034484876365
2025-05,TX,Texas,COM,commercial,14012.90179,8.62,million kilowatt hours,cents per kilowatt-hour,2025-05-01,德州,1.9561736849772027,2.4970273483947647,4.987371391120997,2.558421089520579,2.4289503016004184
2025-06,TX,Texas,COM,commercial,15191.46164,8.42,million kilowatt hours,cents per kilowatt-hour,2025-06-01,德州,6.3908193357986365,-4.209328782707611,5.573629012818015,2.3350300039433574,3.2385990088746572
2025-07,TX,Texas,COM,commercial,16531.08905,8.85,million kilowatt hours,cents per kilowatt-hour,2025-07-01,德州,7.73571174599661,-0.22547914317925244,5.360901588924148,2.4251379631788246,2.9357636257453232
2025-08,TX,Texas,COM,commercial,16880.80492,8.85,million kilowatt hours,cents per kilowatt-hour,2025-08-01,德州,6.300706486588958,-0.22547914317925244,6.8090791894614,2.2236463599597003,4.5854328295017
2025-09,TX,Texas,COM,commercial,16068.41086,8.78,million kilowatt hours,cents per kilowatt-hour,2025-09-01,德州,6.855772670105931,1.5028901734103872,6.964063634230499,2.201984932033148,4.762078702197351
2025-10,TX,Texas,COM,commercial,15396.03457,8.71,million kilowatt hours,cents per kilowatt-hour,2025-10-01,德州,5.591965082914219,2.712264150943411,6.249481413203035,2.095111152258237,4.154370260944798
2025-11,TX,Texas,COM,commercial,14290.64097,8.21,million kilowatt hours,cents per kilowatt-hour,2025-11-01,德州,8.4319865239457,-2.261904761904754,6.959908092321949,2.5207470536553918,4.4391610386665565
2025-12,TX,Texas,COM,commercial,12629.84417,9.03,million kilowatt hours,cents per kilowatt-hour,2025-12-01,德州,2.1805370737588703,5.98591549295775,5.401496226872928,3.3824773939724158,2.0190188329005125
2026-01,TX,Texas,COM,commercial,14272.48726,8.64,million kilowatt hours,cents per kilowatt-hour,2026-01-01,德州,6.321406649027361,2.127659574468077,5.644643415577309,2.7878460299787537,2.856797385598555
2026-02,TX,Texas,COM,commercial,13057.04658,8.9,million kilowatt hours,cents per kilowatt-hour,2026-02-01,德州,-1.1800287035383494,6.459330143540676,2.440638339749293,2.708076019731538,-0.2674376799822449
2026-03,TX,Texas,COM,commercial,14400.24913,8.69,million kilowatt hours,cents per kilowatt-hour,2026-03-01,德州,10.862091762202365,-0.34403669724771824,5.334489902563791,2.693473422132012,2.6410164804317793
2026-04,TX,Texas,COM,commercial,14826.83255,8.35,million kilowatt hours,cents per kilowatt-hour,2026-04-01,德州,12.499631168217995,-3.5796766743649067,7.3938980756273365,3.965376629458639,3.4285214461686975
2026-05,TX,Texas,COM,commercial,15308.88021,8.26,million kilowatt hours,cents per kilowatt-hour,2026-05-01,德州,9.248465731236678,-4.17633410672853,10.870062887219012,4.372796893186673,6.497265994032339
2026-06,TX,Texas,COM,commercial,15753.8324,8.66,million kilowatt hours,cents per kilowatt-hour,2026-06-01,德州,3.7018871082111326,2.8503562945368266,8.483328002555268,3.9839622318365975,4.49936577071867
2018-01,US,U.S. Total,COM,commercial,114925.25918,10.49,million kilowatt hours,cents per kilowatt-hour,2018-01-01,全美,,,,,
2018-02,US,U.S. Total,COM,commercial,102685.44876,10.65,million kilowatt hours,cents per kilowatt-hour,2018-02-01,全美,,,,,
2018-03,US,U.S. Total,COM,commercial,108108.34274,10.51,million kilowatt hours,cents per kilowatt-hour,2018-03-01,全美,,,,,
2018-04,US,U.S. Total,COM,commercial,103331.47962,10.46,million kilowatt hours,cents per kilowatt-hour,2018-04-01,全美,,,,,
2018-05,US,U.S. Total,COM,commercial,113175.48258,10.51,million kilowatt hours,cents per kilowatt-hour,2018-05-01,全美,,,,,
2018-06,US,U.S. Total,COM,commercial,122011.1754,10.84,million kilowatt hours,cents per kilowatt-hour,2018-06-01,全美,,,,,
2018-07,US,U.S. Total,COM,commercial,131521.57202,11.0,million kilowatt hours,cents per kilowatt-hour,2018-07-01,全美,,,,,
2018-08,US,U.S. Total,COM,commercial,134848.07012,11.03,million kilowatt hours,cents per kilowatt-hour,2018-08-01,全美,,,,,
2018-09,US,U.S. Total,COM,commercial,122033.47842,10.72,million kilowatt hours,cents per kilowatt-hour,2018-09-01,全美,,,,,
2018-10,US,U.S. Total,COM,commercial,116133.34132,10.77,million kilowatt hours,cents per kilowatt-hour,2018-10-01,全美,,,,,
2018-11,US,U.S. Total,COM,commercial,104983.1121,10.54,million kilowatt hours,cents per kilowatt-hour,2018-11-01,全美,,,,,
2018-12,US,U.S. Total,COM,commercial,107998.08271,10.33,million kilowatt hours,cents per kilowatt-hour,2018-12-01,全美,,,,,
2019-01,US,U.S. Total,COM,commercial,112012.38825,10.3,million kilowatt hours,cents per kilowatt-hour,2019-01-01,全美,-2.5345785171889346,-1.8112488083889322,,,
2019-02,US,U.S. Total,COM,commercial,102070.87863,10.54,million kilowatt hours,cents per kilowatt-hour,2019-02-01,全美,-0.5984977788200396,-1.0328638497652642,,,
2019-03,US,U.S. Total,COM,commercial,107468.19984,10.46,million kilowatt hours,cents per kilowatt-hour,2019-03-01,全美,-0.5921308973716566,-0.4757373929590747,-1.2417357311268769,-1.2417357311268769,0.0
2019-04,US,U.S. Total,COM,commercial,102445.9396,10.52,million kilowatt hours,cents per kilowatt-hour,2019-04-01,全美,-0.8569895865776389,0.5736137667303964,-0.6825394209231117,-0.6825394209231117,0.0
2019-05,US,U.S. Total,COM,commercial,111200.9527,10.54,million kilowatt hours,cents per kilowatt-hour,2019-05-01,全美,-1.7446622139245305,0.2854424357754404,-1.0645942326246087,-1.0645942326246087,0.0
2019-06,US,U.S. Total,COM,commercial,115745.02702,10.9,million kilowatt hours,cents per kilowatt-hour,2019-06-01,全美,-5.135716756647191,0.5535055350553542,-2.57912285238312,-2.57912285238312,0.0
2019-07,US,U.S. Total,COM,commercial,130951.45258,11.02,million kilowatt hours,cents per kilowatt-hour,2019-07-01,全美,-0.43347979441220597,0.1818181818181719,-2.4379529216613096,-2.4379529216613096,0.0
2019-08,US,U.S. Total,COM,commercial,130776.1738,11.02,million kilowatt hours,cents per kilowatt-hour,2019-08-01,全美,-3.0196177938449087,-0.09066183136898776,-2.862938114968102,-2.862938114968102,0.0
2019-09,US,U.S. Total,COM,commercial,122059.1507,10.96,million kilowatt hours,cents per kilowatt-hour,2019-09-01,全美,0.021037079605035203,2.238805970149249,-1.1440201695506935,-1.1440201695506935,0.0
2019-10,US,U.S. Total,COM,commercial,115304.90269,10.74,million kilowatt hours,cents per kilowatt-hour,2019-10-01,全美,-0.7133512396903186,-0.278551532033422,-1.2373106513100642,-1.2373106513100642,0.0
2019-11,US,U.S. Total,COM,commercial,102840.01355,10.57,million kilowatt hours,cents per kilowatt-hour,2019-11-01,全美,-2.0413745669480843,0.2846299810246755,-0.9112295756777895,-0.9112295756777895,0.0
2019-12,US,U.S. Total,COM,commercial,108001.47569,10.32,million kilowatt hours,cents per kilowatt-hour,2019-12-01,全美,0.0031417039218384346,-0.09680542110358514,-0.9171947009055218,-0.9171947009055218,0.0
2020-01,US,U.S. Total,COM,commercial,109812.19558,10.18,million kilowatt hours,cents per kilowatt-hour,2020-01-01,全美,-1.964240477659851,-1.1650485436893288,-1.3341577802286995,-1.3341577802286995,0.0
2020-02,US,U.S. Total,COM,commercial,103014.76876,10.3,million kilowatt hours,cents per kilowatt-hour,2020-02-01,全美,0.9247398892504366,-2.2770398481973264,-0.34545296149585897,-0.34545296149585897,0.0
2020-03,US,U.S. Total,COM,commercial,104109.84326,10.34,million kilowatt hours,cents per kilowatt-hour,2020-03-01,全美,-3.124977049024702,-1.147227533460815,-1.3881592124780393,-1.3881592124780393,0.0
2020-04,US,U.S. Total,COM,commercial,91405.77238,10.37,million kilowatt hours,cents per kilowatt-hour,2020-04-01,全美,-10.776578616103594,-1.425855513307983,-4.325605258625953,-4.325605258625953,0.0
2020-05,US,U.S. Total,COM,commercial,94299.1629,10.4,million kilowatt hours,cents per kilowatt-hour,2020-05-01,全美,-15.19932103962991,-1.3282732447817747,-9.700292234919402,-9.700292234919402,0.0
2020-06,US,U.S. Total,COM,commercial,109592.71987,10.89,million kilowatt hours,cents per kilowatt-hour,2020-06-01,全美,-5.315396530113481,-0.09174311926605228,-10.430432061948995,-10.430432061948995,0.0
2020-07,US,U.S. Total,COM,commercial,127107.48118,10.84,million kilowatt hours,cents per kilowatt-hour,2020-07-01,全美,-2.9354171521325134,-1.6333938294010864,-7.816711573958635,-7.816711573958635,0.0
2020-08,US,U.S. Total,COM,commercial,123056.88421,10.9,million kilowatt hours,cents per kilowatt-hour,2020-08-01,全美,-5.902672761940064,-1.0889292196007205,-4.717828814728686,-4.717828814728686,0.0
2020-09,US,U.S. Total,COM,commercial,113219.74254,11.02,million kilowatt hours,cents per kilowatt-hour,2020-09-01,全美,-7.241905346142962,0.5474452554744325,-5.359998420071847,-5.359998420071847,0.0
2020-10,US,U.S. Total,COM,commercial,108468.18854,10.72,million kilowatt hours,cents per kilowatt-hour,2020-10-01,全美,-5.929248445211965,-0.18621973929235924,-6.357942184431664,-6.357942184431664,0.0
2020-11,US,U.S. Total,COM,commercial,97896.62004,10.53,million kilowatt hours,cents per kilowatt-hour,2020-11-01,全美,-4.806877536627874,-0.37842951750237663,-5.992677109327601,-5.992677109327601,0.0
2020-12,US,U.S. Total,COM,commercial,105456.20387,10.41,million kilowatt hours,cents per kilowatt-hour,2020-12-01,全美,-2.356700965184755,0.8720930232558155,-4.364275649008198,-4.364275649008198,0.0
2021-01,US,U.S. Total,COM,commercial,104497.64717,10.27,million kilowatt hours,cents per kilowatt-hour,2021-01-01,全美,-4.839670477336256,0.8840864440078589,-4.0010829930496286,-4.0010829930496286,0.0
2021-02,US,U.S. Total,COM,commercial,98355.67733,11.36,million kilowatt hours,cents per kilowatt-hour,2021-02-01,全美,-4.522741240000816,10.291262135922308,-3.9063708941739423,-3.9063708941739423,0.0
2021-03,US,U.S. Total,COM,commercial,102877.23442,11.08,million kilowatt hours,cents per kilowatt-hour,2021-03-01,全美,-1.1839503368780702,7.156673114119916,-3.5154540180717135,-3.5154540180717135,0.0
2021-04,US,U.S. Total,COM,commercial,98721.37911,10.87,million kilowatt hours,cents per kilowatt-hour,2021-04-01,全美,8.003440635660208,4.821600771456125,0.7655830195937744,0.7655830195937744,0.0
2021-05,US,U.S. Total,COM,commercial,104711.2089,10.86,million kilowatt hours,cents per kilowatt-hour,2021-05-01,全美,11.04150416588694,4.423076923076907,5.953664821556359,5.953664821556359,0.0
2021-06,US,U.S. Total,COM,commercial,119052.69114,11.33,million kilowatt hours,cents per kilowatt-hour,2021-06-01,全美,8.63193402008957,4.040404040404044,9.225626273878907,9.225626273878907,0.0
2021-07,US,U.S. Total,COM,commercial,127855.73402,11.46,million kilowatt hours,cents per kilowatt-hour,2021-07-01,全美,0.5886772619940306,5.719557195571956,6.7540384826568465,6.7540384826568465,0.0
2021-08,US,U.S. Total,COM,commercial,131111.12131,11.52,million kilowatt hours,cents per kilowatt-hour,2021-08-01,全美,6.54513329482258,5.6880733944953965,5.25524819230206,5.25524819230206,0.0
2021-09,US,U.S. Total,COM,commercial,118988.68357,11.65,million kilowatt hours,cents per kilowatt-hour,2021-09-01,全美,5.095349009437866,5.716878402903824,4.076386522084825,4.076386522084825,0.0
2021-10,US,U.S. Total,COM,commercial,112246.47542,11.52,million kilowatt hours,cents per kilowatt-hour,2021-10-01,全美,3.483313339013372,7.462686567164178,5.041265214424606,5.041265214424606,0.0
2021-11,US,U.S. Total,COM,commercial,103506.07833,11.29,million kilowatt hours,cents per kilowatt-hour,2021-11-01,全美,5.729981574142218,7.217473884140557,4.769547974197819,4.769547974197819,0.0
2021-12,US,U.S. Total,COM,commercial,106515.56744,11.15,million kilowatt hours,cents per kilowatt-hour,2021-12-01,全美,1.0045531046290357,7.1085494716618625,3.4059493392615416,3.4059493392615416,0.0
2022-01,US,U.S. Total,COM,commercial,113605.09055,11.26,million kilowatt hours,cents per kilowatt-hour,2022-01-01,全美,8.715453052434508,9.639727361246342,5.149995910401921,5.149995910401921,0.0
2022-02,US,U.S. Total,COM,commercial,103062.62117,11.66,million kilowatt hours,cents per kilowatt-hour,2022-02-01,全美,4.7856351232348215,2.6408450704225483,4.835213760099456,4.835213760099456,0.0
2022-03,US,U.S. Total,COM,commercial,108603.13762,11.65,million kilowatt hours,cents per kilowatt-hour,2022-03-01,全美,5.565763146998881,5.14440433212997,6.35561710755607,6.35561710755607,0.0
2022-04,US,U.S. Total,COM,commercial,104565.87141,11.82,million kilowatt hours,cents per kilowatt-hour,2022-04-01,全美,5.92018907423062,8.739650413983458,5.423862448154774,5.423862448154774,0.0
2022-05,US,U.S. Total,COM,commercial,113007.20865,12.0,million kilowatt hours,cents per kilowatt-hour,2022-05-01,全美,7.922742786708481,10.497237569060779,6.469565002645993,6.469565002645993,0.0
2022-06,US,U.S. Total,COM,commercial,121567.1717,12.75,million kilowatt hours,cents per kilowatt-hour,2022-06-01,全美,2.1120736842841437,12.53309796999118,5.318335181741081,5.318335181741081,0.0
2022-07,US,U.S. Total,COM,commercial,133951.71136,13.02,million kilowatt hours,cents per kilowatt-hour,2022-07-01,全美,4.767856042378527,13.61256544502616,4.934224171123717,4.934224171123717,0.0
2022-08,US,U.S. Total,COM,commercial,135675.95261,13.41,million kilowatt hours,cents per kilowatt-hour,2022-08-01,全美,3.4816507206943292,16.40625,3.453860149119,3.453860149119,0.0
2022-09,US,U.S. Total,COM,commercial,124195.27519,13.28,million kilowatt hours,cents per kilowatt-hour,2022-09-01,全美,4.375703187721225,13.99141630901286,4.20840331693136,4.20840331693136,0.0
2022-10,US,U.S. Total,COM,commercial,111851.35754,12.89,million kilowatt hours,cents per kilowatt-hour,2022-10-01,全美,-0.3520091642268186,11.892361111111116,2.501781581396245,2.501781581396245,0.0
2022-11,US,U.S. Total,COM,commercial,106857.96303,12.33,million kilowatt hours,cents per kilowatt-hour,2022-11-01,全美,3.23834576102231,9.211691762621799,2.420679928172239,2.420679928172239,0.0
2022-12,US,U.S. Total,COM,commercial,113929.45205,12.28,million kilowatt hours,cents per kilowatt-hour,2022-12-01,全美,6.960376579861194,10.134529147982052,3.2822377255522284,3.2822377255522284,0.0
2023-01,US,U.S. Total,COM,commercial,112789.71678,12.61,million kilowatt hours,cents per kilowatt-hour,2023-01-01,全美,-0.7177264381837967,11.98934280639432,3.160331967566569,3.160331967566569,0.0
2023-02,US,U.S. Total,COM,commercial,103830.28424,12.53,million kilowatt hours,cents per kilowatt-hour,2023-02-01,全美,0.7448511024513493,7.461406518010283,2.329167081376249,2.329167081376249,0.0
2023-03,US,U.S. Total,COM,commercial,112642.96368,12.36,million kilowatt hours,cents per kilowatt-hour,2023-03-01,全美,3.719806028197148,6.0944206008583635,1.2489768974882336,1.2489768974882336,0.0
2023-04,US,U.S. Total,COM,commercial,104090.76444,12.08,million kilowatt hours,cents per kilowatt-hour,2023-04-01,全美,-0.4543614121830686,2.1996615905245376,1.3367652394884761,1.3367652394884761,0.0
2023-05,US,U.S. Total,COM,commercial,113242.71738,12.16,million kilowatt hours,cents per kilowatt-hour,2023-05-01,全美,0.2084015106765591,1.333333333333342,1.1579487088968794,1.1579487088968794,0.0
2023-06,US,U.S. Total,COM,commercial,120706.58417,12.63,million kilowatt hours,cents per kilowatt-hour,2023-06-01,全美,-0.7079111226867552,-0.9411764705882342,-0.31795700806442156,-0.31795700806442156,0.0
2023-07,US,U.S. Total,COM,commercial,136394.20263,12.91,million kilowatt hours,cents per kilowatt-hour,2023-07-01,全美,1.8234117692126794,-0.8448540706605168,0.44130071906749446,0.44130071906749446,0.0
2023-08,US,U.S. Total,COM,commercial,138389.57188,13.08,million kilowatt hours,cents per kilowatt-hour,2023-08-01,全美,2.0000738655583827,-2.460850111856827,1.0385248373614357,1.0385248373614357,0.0
2023-09,US,U.S. Total,COM,commercial,126545.78749,13.07,million kilowatt hours,cents per kilowatt-hour,2023-09-01,全美,1.8925939786389456,-1.5813253012048167,1.9053598711366693,1.9053598711366693,0.0
2023-10,US,U.S. Total,COM,commercial,118207.85264,12.73,million kilowatt hours,cents per kilowatt-hour,2023-10-01,全美,5.682984310428951,-1.241272304111718,3.191884051542093,3.191884051542093,0.0
2023-11,US,U.S. Total,COM,commercial,109756.4832,12.43,million kilowatt hours,cents per kilowatt-hour,2023-11-01,全美,2.712498056121704,0.8110300081102917,3.429358781729867,3.429358781729867,0.0
2023-12,US,U.S. Total,COM,commercial,111511.82661,12.24,million kilowatt hours,cents per kilowatt-hour,2023-12-01,全美,-2.1220372752595917,-0.32573289902279035,2.0911483637636876,2.0911483637636876,0.0
2024-01,US,U.S. Total,COM,commercial,118234.00579,12.5,million kilowatt hours,cents per kilowatt-hour,2024-01-01,全美,4.8269373888217615,-0.8723235527359208,1.8057993898946245,1.8057993898946245,0.0
2024-02,US,U.S. Total,COM,commercial,108966.66608,12.53,million kilowatt hours,cents per kilowatt-hour,2024-02-01,全美,4.946901453267172,0.0,2.550600522276447,2.550600522276447,0.0
2024-03,US,U.S. Total,COM,commercial,111382.31369,12.47,million kilowatt hours,cents per kilowatt-hour,2024-03-01,全美,-1.119155559135765,0.8899676375404564,2.8848944276510564,2.8848944276510564,0.0
2024-04,US,U.S. Total,COM,commercial,108972.49159,12.35,million kilowatt hours,cents per kilowatt-hour,2024-04-01,全美,4.689875395058629,2.2350993377483475,2.8392070963966787,2.8392070963966787,0.0
2024-05,US,U.S. Total,COM,commercial,117863.68825,12.32,million kilowatt hours,cents per kilowatt-hour,2024-05-01,全美,4.080589884198704,1.3157894736842035,2.550436573373856,2.550436573373856,0.0
2024-06,US,U.S. Total,COM,commercial,127949.05253,12.89,million kilowatt hours,cents per kilowatt-hour,2024-06-01,全美,6.000060733886636,2.058590657165471,4.92350867104799,4.92350867104799,0.0
2024-07,US,U.S. Total,COM,commercial,139551.00436,13.37,million kilowatt hours,cents per kilowatt-hour,2024-07-01,全美,2.314469141011455,3.5631293570875133,4.131706586365598,4.131706586365598,0.0
2024-08,US,U.S. Total,COM,commercial,140632.26455,13.16,million kilowatt hours,cents per kilowatt-hour,2024-08-01,全美,1.620564786445522,0.6116207951070374,3.311698220447871,3.311698220447871,0.0
2024-09,US,U.S. Total,COM,commercial,127248.28887,13.23,million kilowatt hours,cents per kilowatt-hour,2024-09-01,全美,0.555136124191824,1.224177505738333,1.4967233505496,1.4967233505496,0.0
2024-10,US,U.S. Total,COM,commercial,120898.70457,12.89,million kilowatt hours,cents per kilowatt-hour,2024-10-01,全美,2.276373244165897,1.256873527101332,1.4840247182677473,1.4840247182677473,0.0
2024-11,US,U.S. Total,COM,commercial,112090.79487,12.35,million kilowatt hours,cents per kilowatt-hour,2024-11-01,全美,2.1268098265743163,-0.6436041834271933,1.6527730649773453,1.6527730649773453,0.0
2024-12,US,U.S. Total,COM,commercial,117151.94094,12.64,million kilowatt hours,cents per kilowatt-hour,2024-12-01,全美,5.057862023662896,3.267973856209161,3.153681698134369,3.153681698134369,0.0
2025-01,US,U.S. Total,COM,commercial,124447.35304,12.82,million kilowatt hours,cents per kilowatt-hour,2025-01-01,全美,5.255127074892285,2.5600000000000067,4.146599641709832,4.146599641709832,0.0
2025-02,US,U.S. Total,COM,commercial,113204.45431,12.98,million kilowatt hours,cents per kilowatt-hour,2025-02-01,全美,3.8890684485921145,3.591380686352763,4.734019182382432,4.734019182382432,0.0
2025-03,US,U.S. Total,COM,commercial,114426.90423,13.16,million kilowatt hours,cents per kilowatt-hour,2025-03-01,全美,2.733459594378451,5.533279871692054,3.9592183726209504,3.9592183726209504,0.0
2025-04,US,U.S. Total,COM,commercial,112435.61527,12.89,million kilowatt hours,cents per kilowatt-hour,2025-04-01,全美,3.1779797171470614,4.3724696356275405,3.2668359200392083,3.2668359200392083,0.0
2025-05,US,U.S. Total,COM,commercial,119942.59622,12.93,million kilowatt hours,cents per kilowatt-hour,2025-05-01,全美,1.7638239570362257,4.95129870129869,2.558421089520579,2.558421089520579,0.0
2025-06,US,U.S. Total,COM,commercial,130589.00785,13.54,million kilowatt hours,cents per kilowatt-hour,2025-06-01,全美,2.063286337646786,5.042668735453826,2.3350300039433574,2.3350300039433574,0.0
2025-07,US,U.S. Total,COM,commercial,144363.14666,14.05,million kilowatt hours,cents per kilowatt-hour,2025-07-01,全美,3.4483035948534635,5.086013462976835,2.4251379631788246,2.4251379631788246,0.0
2025-08,US,U.S. Total,COM,commercial,142262.68351,13.93,million kilowatt hours,cents per kilowatt-hour,2025-08-01,全美,1.159349147378852,5.85106382978724,2.2236463599597003,2.2236463599597003,0.0
2025-09,US,U.S. Total,COM,commercial,129791.09404,13.99,million kilowatt hours,cents per kilowatt-hour,2025-09-01,全美,1.9983020538671292,5.7445200302343125,2.201984932033148,2.201984932033148,0.0
2025-10,US,U.S. Total,COM,commercial,124680.0319,13.49,million kilowatt hours,cents per kilowatt-hour,2025-10-01,全美,3.12768225552873,4.654771140418923,2.095111152258237,2.095111152258237,0.0
2025-11,US,U.S. Total,COM,commercial,114821.61454,13.19,million kilowatt hours,cents per kilowatt-hour,2025-11-01,全美,2.4362568515703176,6.801619433198369,2.5207470536553918,2.5207470536553918,0.0
2025-12,US,U.S. Total,COM,commercial,122521.59204,13.63,million kilowatt hours,cents per kilowatt-hour,2025-12-01,全美,4.583493074818201,7.832278481012667,3.3824773939724158,3.3824773939724158,0.0
2026-01,US,U.S. Total,COM,commercial,126119.66184,13.64,million kilowatt hours,cents per kilowatt-hour,2026-01-01,全美,1.3437881635477433,6.396255850234001,2.7878460299787537,2.7878460299787537,0.0
2026-02,US,U.S. Total,COM,commercial,115691.49597,14.37,million kilowatt hours,cents per kilowatt-hour,2026-02-01,全美,2.1969468208286713,10.708782742681034,2.708076019731538,2.708076019731538,0.0
2026-03,US,U.S. Total,COM,commercial,119621.52556,13.92,million kilowatt hours,cents per kilowatt-hour,2026-03-01,全美,4.539685282019623,5.775075987841949,2.693473422132012,2.693473422132012,0.0
2026-04,US,U.S. Total,COM,commercial,118236.72835,13.51,million kilowatt hours,cents per kilowatt-hour,2026-04-01,全美,5.1594977855276225,4.809930178432897,3.965376629458639,3.965376629458639,0.0
2026-05,US,U.S. Total,COM,commercial,124043.6826,13.54,million kilowatt hours,cents per kilowatt-hour,2026-05-01,全美,3.4192076120127757,4.717710750193338,4.372796893186673,4.372796893186673,0.0
2026-06,US,U.S. Total,COM,commercial,134994.01184,14.19,million kilowatt hours,cents per kilowatt-hour,2026-06-01,全美,3.3731812979693965,4.800590841949792,3.9839622318365975,3.9839622318365975,0.0
2018-01,VA,Virginia,COM,commercial,4274.4461,8.24,million kilowatt hours,cents per kilowatt-hour,2018-01-01,維吉尼亞,,,,,
2018-02,VA,Virginia,COM,commercial,3712.76813,8.42,million kilowatt hours,cents per kilowatt-hour,2018-02-01,維吉尼亞,,,,,
2018-03,VA,Virginia,COM,commercial,4351.08816,8.28,million kilowatt hours,cents per kilowatt-hour,2018-03-01,維吉尼亞,,,,,
2018-04,VA,Virginia,COM,commercial,3696.28798,8.27,million kilowatt hours,cents per kilowatt-hour,2018-04-01,維吉尼亞,,,,,
2018-05,VA,Virginia,COM,commercial,4578.78051,8.28,million kilowatt hours,cents per kilowatt-hour,2018-05-01,維吉尼亞,,,,,
2018-06,VA,Virginia,COM,commercial,4612.70667,8.42,million kilowatt hours,cents per kilowatt-hour,2018-06-01,維吉尼亞,,,,,
2018-07,VA,Virginia,COM,commercial,4747.74176,8.33,million kilowatt hours,cents per kilowatt-hour,2018-07-01,維吉尼亞,,,,,
2018-08,VA,Virginia,COM,commercial,4878.7339,8.38,million kilowatt hours,cents per kilowatt-hour,2018-08-01,維吉尼亞,,,,,
2018-09,VA,Virginia,COM,commercial,4781.36505,8.32,million kilowatt hours,cents per kilowatt-hour,2018-09-01,維吉尼亞,,,,,
2018-10,VA,Virginia,COM,commercial,4311.38545,8.25,million kilowatt hours,cents per kilowatt-hour,2018-10-01,維吉尼亞,,,,,
2018-11,VA,Virginia,COM,commercial,4230.47049,8.32,million kilowatt hours,cents per kilowatt-hour,2018-11-01,維吉尼亞,,,,,
2018-12,VA,Virginia,COM,commercial,4092.43683,8.27,million kilowatt hours,cents per kilowatt-hour,2018-12-01,維吉尼亞,,,,,
2019-01,VA,Virginia,COM,commercial,4570.54805,8.28,million kilowatt hours,cents per kilowatt-hour,2019-01-01,維吉尼亞,6.927258949411019,0.4854368932038833,,,
2019-02,VA,Virginia,COM,commercial,3864.35411,8.34,million kilowatt hours,cents per kilowatt-hour,2019-02-01,維吉尼亞,4.082829163910118,-0.9501187648456089,,,
2019-03,VA,Virginia,COM,commercial,4261.51285,8.22,million kilowatt hours,cents per kilowatt-hour,2019-03-01,維吉尼亞,-2.0586875444969177,-0.7246376811594013,2.9838001896080733,-1.2417357311268769,4.22553592073495
2019-04,VA,Virginia,COM,commercial,3964.22566,8.38,million kilowatt hours,cents per kilowatt-hour,2019-04-01,維吉尼亞,7.248831299124037,1.330108827085863,3.0909909728457454,-0.6825394209231117,3.773530393768857
2019-05,VA,Virginia,COM,commercial,4671.85251,8.26,million kilowatt hours,cents per kilowatt-hour,2019-05-01,維吉尼亞,2.032680968147127,-0.24154589371979673,2.407608240924749,-1.0645942326246087,3.4722024735493573
2019-06,VA,Virginia,COM,commercial,4589.97951,8.32,million kilowatt hours,cents per kilowatt-hour,2019-06-01,維吉尼亞,-0.4927076795888996,-1.187648456057,2.9296015292274213,-2.57912285238312,5.508724381610541
2019-07,VA,Virginia,COM,commercial,5074.16933,8.03,million kilowatt hours,cents per kilowatt-hour,2019-07-01,維吉尼亞,6.87542807720023,-3.601440576230497,2.805133788586152,-2.4379529216613096,5.243086710247462
2019-08,VA,Virginia,COM,commercial,5088.57772,8.08,million kilowatt hours,cents per kilowatt-hour,2019-08-01,維吉尼亞,4.301194209423875,-3.5799522673031103,3.5613048690117353,-2.862938114968102,6.424242983979838
2019-09,VA,Virginia,COM,commercial,4703.32893,8.0,million kilowatt hours,cents per kilowatt-hour,2019-09-01,維吉尼亞,-1.6320887274649865,-3.8461538461538547,3.181511186386373,-1.1440201695506935,4.325531355937066
2019-10,VA,Virginia,COM,commercial,4357.90076,8.07,million kilowatt hours,cents per kilowatt-hour,2019-10-01,維吉尼亞,1.078894720489454,-2.1818181818181737,1.2493334008161143,-1.2373106513100642,2.4866440521261786
2019-11,VA,Virginia,COM,commercial,4466.79842,8.17,million kilowatt hours,cents per kilowatt-hour,2019-11-01,維吉尼亞,5.586327349608822,-1.8028846153846145,1.6777111142110963,-0.9112295756777895,2.5889406898888856
2019-12,VA,Virginia,COM,commercial,4367.92814,8.11,million kilowatt hours,cents per kilowatt-hour,2019-12-01,維吉尼亞,6.731718080056481,-1.93470374848852,4.465646716718252,-0.9171947009055218,5.382841417623774
2020-01,VA,Virginia,COM,commercial,4461.47944,7.84,million kilowatt hours,cents per kilowatt-hour,2020-01-01,維吉尼亞,-2.3863354855223617,-5.314009661835739,3.3105699813809806,-1.3341577802286995,4.64472776160968
2020-02,VA,Virginia,COM,commercial,4281.88322,7.92,million kilowatt hours,cents per kilowatt-hour,2020-02-01,維吉尼亞,10.804628616190648,-5.035971223021585,5.0500037369082555,-0.34545296149585897,5.395456698404114
2020-03,VA,Virginia,COM,commercial,4306.39722,8.03,million kilowatt hours,cents per kilowatt-hour,2020-03-01,維吉尼亞,1.0532496693046456,-2.311435523114369,3.15718093332431,-1.3881592124780393,4.545340145802349
2020-04,VA,Virginia,COM,commercial,3836.78792,7.88,million kilowatt hours,cents per kilowatt-hour,2020-04-01,維吉尼亞,-3.214694392548778,-5.966587112171851,2.8810612976488383,-4.325605258625953,7.206666556274792
2020-05,VA,Virginia,COM,commercial,3881.26344,7.67,million kilowatt hours,cents per kilowatt-hour,2020-05-01,維吉尼亞,-16.92238931575345,-7.14285714285714,-6.361278012999193,-9.700292234919402,3.339014221920209
2020-06,VA,Virginia,COM,commercial,4540.17869,7.54,million kilowatt hours,cents per kilowatt-hour,2020-06-01,維吉尼亞,-1.0849900286374115,-9.375,-7.074024578979878,-10.430432061948995,3.356407482969117
2020-07,VA,Virginia,COM,commercial,5267.65803,7.55,million kilowatt hours,cents per kilowatt-hour,2020-07-01,維吉尼亞,3.8132093632752273,-5.977584059775831,-4.73138999370521,-7.816711573958635,3.0853215802534253
2020-08,VA,Virginia,COM,commercial,5177.34001,7.55,million kilowatt hours,cents per kilowatt-hour,2020-08-01,維吉尼亞,1.7443438006484735,-6.559405940594065,1.4908543784287644,-4.717828814728686,6.208683193157451
2020-09,VA,Virginia,COM,commercial,4695.1722,7.43,million kilowatt hours,cents per kilowatt-hour,2020-09-01,維吉尼亞,-0.1734246131069539,-7.1250000000000036,1.794709516938917,-5.359998420071847,7.154707937010763
2020-10,VA,Virginia,COM,commercial,4513.42612,7.43,million kilowatt hours,cents per kilowatt-hour,2020-10-01,維吉尼亞,3.5688137147941834,-7.93060718711277,1.713244300778569,-6.357942184431664,8.071186485210234
2020-11,VA,Virginia,COM,commercial,4121.49738,7.46,million kilowatt hours,cents per kilowatt-hour,2020-11-01,維吉尼亞,-7.730392275011155,-8.690330477356179,-1.4450010577746406,-5.992677109327601,4.54767605155296
2020-12,VA,Virginia,COM,commercial,4443.76232,7.4,million kilowatt hours,cents per kilowatt-hour,2020-12-01,維吉尼亞,1.7361590568657936,-8.75462392108507,-0.8084731677837249,-4.364275649008198,3.5558024812244735
2021-01,VA,Virginia,COM,commercial,4617.45181,7.33,million kilowatt hours,cents per kilowatt-hour,2021-01-01,維吉尼亞,3.495978679215872,-6.505102040816324,-0.8327515129764951,-4.0010829930496286,3.1683314800731335
2021-02,VA,Virginia,COM,commercial,4422.92411,7.48,million kilowatt hours,cents per kilowatt-hour,2021-02-01,維吉尼亞,3.293898566434983,-5.5555555555555465,2.8420121008388843,-3.9063708941739423,6.748382995012827
2021-03,VA,Virginia,COM,commercial,4352.64926,7.75,million kilowatt hours,cents per kilowatt-hour,2021-03-01,維吉尼亞,1.0740309738543008,-3.486924034869232,2.6213027398350532,-3.5154540180717135,6.136756757906767
2021-04,VA,Virginia,COM,commercial,4441.88882,6.59,million kilowatt hours,cents per kilowatt-hour,2021-04-01,維吉尼亞,15.771028073920746,-16.370558375634513,6.712985871403345,0.7655830195937744,5.947402851809571
2021-05,VA,Virginia,COM,commercial,4675.84263,7.43,million kilowatt hours,cents per kilowatt-hour,2021-05-01,維吉尼亞,20.47217877073555,-3.1290743155150014,12.439079272836869,5.953664821556359,6.48541445128051
2021-06,VA,Virginia,COM,commercial,5169.84866,7.64,million kilowatt hours,cents per kilowatt-hour,2021-06-01,維吉尼亞,13.868836735146207,1.3262599469495928,16.704014526600837,9.225626273878907,7.478388252721929
2021-07,VA,Virginia,COM,commercial,5672.00317,7.87,million kilowatt hours,cents per kilowatt-hour,2021-07-01,維吉尼亞,7.675994487440185,4.238410596026498,14.005669997773984,6.7540384826568465,7.251631515117137
2021-08,VA,Virginia,COM,commercial,5748.5164,8.06,million kilowatt hours,cents per kilowatt-hour,2021-08-01,維吉尼亞,11.032236416707741,6.754966887417235,10.859022546431378,5.25524819230206,5.6037743541293175
2021-09,VA,Virginia,COM,commercial,5042.12063,8.06,million kilowatt hours,cents per kilowatt-hour,2021-09-01,維吉尼亞,7.389471892000055,8.4791386271871,8.699234265382662,4.076386522084825,4.622847743297837
2021-10,VA,Virginia,COM,commercial,4942.2808,8.3,million kilowatt hours,cents per kilowatt-hour,2021-10-01,維吉尼亞,9.501754733497236,11.709286675639309,9.307821014068345,5.041265214424606,4.266555799643739
2021-11,VA,Virginia,COM,commercial,5162.01298,8.22,million kilowatt hours,cents per kilowatt-hour,2021-11-01,維吉尼亞,25.24605753843767,10.187667560321723,14.045761387978322,4.769547974197819,9.276213413780503
2021-12,VA,Virginia,COM,commercial,4476.43871,8.57,million kilowatt hours,cents per kilowatt-hour,2021-12-01,維吉尼亞,0.7353316322282533,15.810810810810816,11.827714634721055,3.4059493392615416,8.421765295459513
2022-01,VA,Virginia,COM,commercial,5706.01803,8.65,million kilowatt hours,cents per kilowatt-hour,2022-01-01,維吉尼亞,23.575042356533025,18.008185538881307,16.518810509066316,5.149995910401921,11.368814598664397
2022-02,VA,Virginia,COM,commercial,5259.99584,8.48,million kilowatt hours,cents per kilowatt-hour,2022-02-01,維吉尼亞,18.925753849301287,13.36898395721926,14.412042612687523,4.835213760099456,9.576828852588068
2022-03,VA,Virginia,COM,commercial,4807.37547,8.59,million kilowatt hours,cents per kilowatt-hour,2022-03-01,維吉尼亞,10.447113535630947,10.838709677419356,17.64930324715509,6.35561710755607,11.293686139599018
2022-04,VA,Virginia,COM,commercial,5459.93217,8.87,million kilowatt hours,cents per kilowatt-hour,2022-04-01,維吉尼亞,22.919154243937157,34.59787556904399,17.4306738762898,5.423862448154774,12.006811428135023
2022-05,VA,Virginia,COM,commercial,5710.90308,9.75,million kilowatt hours,cents per kilowatt-hour,2022-05-01,維吉尼亞,22.136340589375216,31.22476446837148,18.500869456314444,6.469565002645993,12.03130445366845
2022-06,VA,Virginia,COM,commercial,5485.57534,9.58,million kilowatt hours,cents per kilowatt-hour,2022-06-01,維吉尼亞,6.107077803705008,25.392670157068075,17.054190879005795,5.318335181741081,11.735855697264714
2022-07,VA,Virginia,COM,commercial,6784.6201,9.88,million kilowatt hours,cents per kilowatt-hour,2022-07-01,維吉尼亞,19.615943374023193,25.54002541296061,15.953120589034475,4.934224171123717,11.018896417910756
2022-08,VA,Virginia,COM,commercial,6281.25649,10.6,million kilowatt hours,cents per kilowatt-hour,2022-08-01,維吉尼亞,9.267436203191481,31.5136476426799,11.663485793639895,3.453860149119,8.209625644520894
2022-09,VA,Virginia,COM,commercial,5891.23021,10.63,million kilowatt hours,cents per kilowatt-hour,2022-09-01,維吉尼亞,16.840326567117447,31.885856079404462,15.241235381444042,4.20840331693136,11.032832064512682
2022-10,VA,Virginia,COM,commercial,5496.0658,10.3,million kilowatt hours,cents per kilowatt-hour,2022-10-01,維吉尼亞,11.205049296268221,24.09638554216866,12.437604022192383,2.501781581396245,9.935822440796137
2022-11,VA,Virginia,COM,commercial,5980.15058,9.84,million kilowatt hours,cents per kilowatt-hour,2022-11-01,維吉尼亞,15.849196876680448,19.70802919708028,14.631524246688707,2.420679928172239,12.210844318516468
2022-12,VA,Virginia,COM,commercial,5692.95889,10.25,million kilowatt hours,cents per kilowatt-hour,2022-12-01,維吉尼亞,27.176071399847213,19.603267211201867,18.076772524265294,3.2822377255522284,14.794534798713066
2023-01,VA,Virginia,COM,commercial,5319.00834,9.99,million kilowatt hours,cents per kilowatt-hour,2023-01-01,維吉尼亞,-6.782482774594389,15.49132947976879,12.080928500644424,3.160331967566569,8.920596533077855
2023-02,VA,Virginia,COM,commercial,5373.83568,9.19,million kilowatt hours,cents per kilowatt-hour,2023-02-01,維吉尼亞,2.1642572249638947,8.372641509433954,7.51928195007224,2.329167081376249,5.190114868695991
2023-03,VA,Virginia,COM,commercial,6116.02133,9.19,million kilowatt hours,cents per kilowatt-hour,2023-03-01,維吉尼亞,27.22162785425204,6.984866123399303,7.534467434873849,1.2489768974882336,6.285490537385615
2023-04,VA,Virginia,COM,commercial,5312.618,8.99,million kilowatt hours,cents per kilowatt-hour,2023-04-01,維吉尼亞,-2.698095240256426,1.3528748590755368,8.895929946319837,1.3367652394884761,7.559164706831361
2023-05,VA,Virginia,COM,commercial,6275.66212,9.28,million kilowatt hours,cents per kilowatt-hour,2023-05-01,維吉尼亞,9.8891371835363,-4.820512820512823,11.470889932510639,1.1579487088968794,10.312941223613759
2023-06,VA,Virginia,COM,commercial,6211.42844,8.97,million kilowatt hours,cents per kilowatt-hour,2023-06-01,維吉尼亞,13.23203228487606,-6.367432150313146,6.807691409385311,-0.31795700806442156,7.1256484174497325
2023-07,VA,Virginia,COM,commercial,7168.24947,8.84,million kilowatt hours,cents per kilowatt-hour,2023-07-01,維吉尼亞,5.654397215254536,-10.526315789473696,9.591855561222298,0.44130071906749446,9.150554842154804
2023-08,VA,Virginia,COM,commercial,7282.86311,8.65,million kilowatt hours,cents per kilowatt-hour,2023-08-01,維吉尼亞,15.945959563896107,-18.39622641509433,11.610796354675566,1.0385248373614357,10.57227151731413
2023-09,VA,Virginia,COM,commercial,6296.59513,8.29,million kilowatt hours,cents per kilowatt-hour,2023-09-01,維吉尼亞,6.880819549572492,-22.01317027281281,9.493725442907712,1.9053598711366693,7.5883655717710425
2023-10,VA,Virginia,COM,commercial,6254.86213,8.83,million kilowatt hours,cents per kilowatt-hour,2023-10-01,維吉尼亞,13.806172589855104,-14.271844660194176,12.2109839011079,3.191884051542093,9.019099849565807
2023-11,VA,Virginia,COM,commercial,6030.59043,8.77,million kilowatt hours,cents per kilowatt-hour,2023-11-01,維吉尼亞,0.8434545138159333,-10.873983739837401,7.176815551081177,3.429358781729867,3.7474567693513094
2023-12,VA,Virginia,COM,commercial,6165.30081,8.65,million kilowatt hours,cents per kilowatt-hour,2023-12-01,維吉尼亞,8.296949426943767,-15.609756097560968,7.648858843538267,2.0911483637636876,5.557710479774579
2024-01,VA,Virginia,COM,commercial,6150.85765,9.19,million kilowatt hours,cents per kilowatt-hour,2024-01-01,維吉尼亞,15.639180404067577,-8.008008008008016,8.259861448275759,1.8057993898946245,6.454062058381134
2024-02,VA,Virginia,COM,commercial,6205.47796,8.68,million kilowatt hours,cents per kilowatt-hour,2024-02-01,維吉尼亞,15.475766836249827,-5.549510337323172,13.137298889087056,2.550600522276447,10.586698366810609
2024-03,VA,Virginia,COM,commercial,6082.92038,8.72,million kilowatt hours,cents per kilowatt-hour,2024-03-01,維吉尼亞,-0.5412170464094812,-5.114254624591941,10.191243397969307,2.8848944276510564,7.3063489703182505
2024-04,VA,Virginia,COM,commercial,6057.84102,8.93,million kilowatt hours,cents per kilowatt-hour,2024-04-01,維吉尼亞,14.027415861633564,-0.6674082313681939,9.653988550491304,2.8392070963966787,6.814781454094625
2024-05,VA,Virginia,COM,commercial,6106.14491,9.09,million kilowatt hours,cents per kilowatt-hour,2024-05-01,維吉尼亞,-2.701184460835826,-2.0474137931034475,3.5950047847960858,2.550436573373856,1.0445682114222299
2024-06,VA,Virginia,COM,commercial,7184.68331,9.01,million kilowatt hours,cents per kilowatt-hour,2024-06-01,維吉尼亞,15.668776987471844,0.4459308807134743,8.998336129423194,4.92350867104799,4.074827458375204
2024-07,VA,Virginia,COM,commercial,7491.54015,8.67,million kilowatt hours,cents per kilowatt-hour,2024-07-01,維吉尼亞,4.510036674267703,-1.9230769230769273,5.82587640030124,4.131706586365598,1.694169813935642
2024-08,VA,Virginia,COM,commercial,7617.18438,8.07,million kilowatt hours,cents per kilowatt-hour,2024-08-01,維吉尼亞,4.590519757826383,-6.705202312138725,8.256444473188644,3.311698220447871,4.944746252740773
2024-09,VA,Virginia,COM,commercial,6685.9186,8.52,million kilowatt hours,cents per kilowatt-hour,2024-09-01,維吉尼亞,6.183079298604999,2.7744270205066313,5.094545243566362,1.4967233505496,3.5978218930167616
2024-10,VA,Virginia,COM,commercial,6374.00769,8.8,million kilowatt hours,cents per kilowatt-hour,2024-10-01,維吉尼亞,1.9048471017218072,-0.3397508493771184,4.226148719384397,1.4840247182677473,2.7421240011166494
2024-11,VA,Virginia,COM,commercial,6312.76134,8.28,million kilowatt hours,cents per kilowatt-hour,2024-11-01,維吉尼亞,4.678993098193196,-5.587229190421894,4.25563983284,1.6527730649773453,2.602866767862655
2024-12,VA,Virginia,COM,commercial,6441.32462,8.86,million kilowatt hours,cents per kilowatt-hour,2024-12-01,維吉尼亞,4.477053407553044,2.4277456647398665,3.6869645358226824,3.153681698134369,0.5332828376883132
2025-01,VA,Virginia,COM,commercial,7169.8366,8.87,million kilowatt hours,cents per kilowatt-hour,2025-01-01,維吉尼亞,16.566453135198135,-3.482045701849845,8.574166546981457,4.146599641709832,4.427566905271625
2025-02,VA,Virginia,COM,commercial,6249.30406,9.1,million kilowatt hours,cents per kilowatt-hour,2025-02-01,維吉尼亞,0.7062485804075092,4.8387096774193505,7.249918374386229,4.734019182382432,2.515899192003797
2025-03,VA,Virginia,COM,commercial,6399.00016,8.84,million kilowatt hours,cents per kilowatt-hour,2025-03-01,維吉尼亞,5.196184731255671,1.3761467889908063,7.4896288156204385,3.9592183726209504,3.530410442999488
2025-04,VA,Virginia,COM,commercial,6465.06018,9.03,million kilowatt hours,cents per kilowatt-hour,2025-04-01,維吉尼亞,6.722183012983729,1.1198208286674172,4.208205441548969,3.2668359200392083,0.941369521509761
2025-05,VA,Virginia,COM,commercial,6681.12313,8.99,million kilowatt hours,cents per kilowatt-hour,2025-05-01,維吉尼亞,9.416386746052519,-1.1001100110010986,7.111584830097307,2.558421089520579,4.5531637405767285
2025-06,VA,Virginia,COM,commercial,7411.70525,9.43,million kilowatt hours,cents per kilowatt-hour,2025-06-01,維吉尼亞,3.159804408971234,4.661487236404005,6.432791389335828,2.3350300039433574,4.097761385392471
2025-07,VA,Virginia,COM,commercial,7553.09194,10.21,million kilowatt hours,cents per kilowatt-hour,2025-07-01,維吉尼亞,0.8216173012167705,17.76239907727799,4.465936152080174,2.4251379631788246,2.04079818890135
2025-08,VA,Virginia,COM,commercial,8158.54818,9.46,million kilowatt hours,cents per kilowatt-hour,2025-08-01,維吉尼亞,7.10713792646831,17.224287484510548,3.6961865455521057,2.2236463599597003,1.4725401855924054
2025-09,VA,Virginia,COM,commercial,7094.48107,9.96,million kilowatt hours,cents per kilowatt-hour,2025-09-01,維吉尼亞,6.110790370675456,16.901408450704245,4.679848532786846,2.201984932033148,2.4778636007536985
2025-10,VA,Virginia,COM,commercial,6957.1856,10.15,million kilowatt hours,cents per kilowatt-hour,2025-10-01,維吉尼亞,9.14931293407335,15.340909090909083,7.455747077072373,2.095111152258237,5.360635924814137
2025-11,VA,Virginia,COM,commercial,6412.73944,10.28,million kilowatt hours,cents per kilowatt-hour,2025-11-01,維吉尼亞,1.5837459174403046,24.154589371980673,5.614616407396372,2.5207470536553918,3.09386935374098
2025-12,VA,Virginia,COM,commercial,7071.78146,10.21,million kilowatt hours,cents per kilowatt-hour,2025-12-01,維吉尼亞,9.7876892905298,15.237020316027095,6.8402493806811515,3.3824773939724158,3.4577719867087358
2026-01,VA,Virginia,COM,commercial,7316.66472,11.43,million kilowatt hours,cents per kilowatt-hour,2026-01-01,維吉尼亞,2.0478586638920104,28.861330326944756,4.473097957287372,2.7878460299787537,1.6852519273086184
2026-02,VA,Virginia,COM,commercial,6587.41893,13.01,million kilowatt hours,cents per kilowatt-hour,2026-02-01,維吉尼亞,5.4104403746998875,42.96703296703297,5.748662776373901,2.708076019731538,3.0405867566423628
2026-03,VA,Virginia,COM,commercial,6772.20406,10.16,million kilowatt hours,cents per kilowatt-hour,2026-03-01,維吉尼亞,5.832222076393889,14.932126696832594,4.430173704995262,2.693473422132012,1.73670028286325
2026-04,VA,Virginia,COM,commercial,6831.525,10.33,million kilowatt hours,cents per kilowatt-hour,2026-04-01,維吉尼亞,5.668389926727624,14.396456256921386,5.6370174592738,3.965376629458639,1.6716408298151606
2026-05,VA,Virginia,COM,commercial,7233.94585,10.84,million kilowatt hours,cents per kilowatt-hour,2026-05-01,維吉尼亞,8.274398020262197,20.578420467185765,6.591670007794569,4.372796893186673,2.218873114607896
2026-06,VA,Virginia,COM,commercial,7770.6686,10.99,million kilowatt hours,cents per kilowatt-hour,2026-06-01,維吉尼亞,4.843195160789748,16.542948038176043,6.261994369259856,3.9839622318365975,2.2780321374232586
